t,Mercury_x,Mercury_y,Venus_x,Venus_y,Earth_x,Earth_y,Mars_x,Mars_y,Jupiter_x,Jupiter_y,Saturn_x,Saturn_y,Uranus_x,Uranus_y,Neptune_x,Neptune_y,sat_x,sat_y
1,57.7521,4.13302,108.158,3.02556,149.578,2.57329,227.89,2.08496,778.599,1.12803,1434,0.831192,2871,0.587435,4495,0.469474,148.106,1.05567
2,57.3095,8.24495,108.031,6.04876,149.511,5.14582,227.862,4.16975,778.597,2.25605,1434,1.66238,2871,1.17487,4495,0.938947,146.569,2.11463
3,56.5746,12.3148,107.819,9.06722,149.401,7.71683,227.814,6.25418,778.593,3.38407,1434,2.49358,2871,1.7623,4495,1.40842,144.985,3.17306
4,55.551,16.3219,107.524,12.0786,149.246,10.2856,227.747,8.3381,778.587,4.51208,1434,3.32477,2871,2.34974,4495,1.87789,143.355,4.23052
5,54.244,20.2456,107.144,15.0805,149.047,12.8512,227.662,10.4213,778.58,5.64008,1433.99,4.15596,2871,2.93717,4495,2.34737,141.676,5.28659
6,52.6603,24.0661,106.68,18.0707,148.804,15.4131,227.557,12.5037,778.571,6.76807,1433.99,4.98714,2871,3.52461,4495,2.81684,139.948,6.34083
7,50.8078,27.7637,106.133,21.0467,148.517,17.9704,227.433,14.585,778.56,7.89604,1433.99,5.81833,2871,4.11204,4495,3.28632,138.17,7.3928
8,48.6961,31.3198,105.503,24.0062,148.185,20.5224,227.29,16.665,778.548,9.024,1433.98,6.64952,2871,4.69947,4495,3.75579,136.34,8.44202
9,46.336,34.716,104.79,26.947,147.81,23.0684,227.128,18.7437,778.534,10.1519,1433.98,7.4807,2871,5.28691,4495,4.22526,134.457,9.48796
10,43.7394,37.9351,103.996,29.8666,147.392,25.6075,226.947,20.8208,778.518,11.2799,1433.98,8.31188,2870.99,5.87434,4495,4.69474,132.52,10.5301
11,40.9197,40.9606,103.12,32.763,146.93,28.139,226.747,22.8962,778.501,12.4078,1433.97,9.14305,2870.99,6.46178,4495,5.16421,130.526,11.5677
12,37.8912,43.7771,102.164,35.6337,146.424,30.6622,226.528,24.9696,778.482,13.5356,1433.97,9.97423,2870.99,7.04921,4495,5.63368,128.476,12.6003
13,34.6694,46.3703,101.127,38.4765,145.875,33.1763,226.29,27.041,778.462,14.6635,1433.96,10.8054,2870.99,7.63664,4495,6.10316,126.366,13.6271
14,31.2706,48.7268,100.012,41.2893,145.282,35.6806,226.033,29.1101,778.44,15.7913,1433.95,11.6366,2870.99,8.22407,4495,6.57263,124.195,14.6473
15,27.7123,50.8347,98.818,44.0697,144.647,38.1744,225.758,31.1768,778.416,16.9191,1433.95,12.4677,2870.99,8.81151,4494.99,7.0421,121.961,15.66
16,24.0126,52.6833,97.5471,46.8157,143.969,40.6568,225.463,33.2408,778.391,18.0468,1433.94,13.2989,2870.98,9.39894,4494.99,7.51158,119.662,16.6644
17,20.1904,54.263,96.1998,49.5251,143.248,43.1272,225.149,35.3021,778.364,19.1745,1433.93,14.13,2870.98,9.98637,4494.99,7.98105,117.296,17.6595
18,16.2652,55.5658,94.7774,52.1957,142.485,45.5849,224.817,37.3604,778.335,20.3022,1433.92,14.9612,2870.98,10.5738,4494.99,8.45052,114.861,18.6441
19,12.2569,56.5851,93.2808,54.8256,141.68,48.0291,224.466,39.4156,778.305,21.4298,1433.91,15.7923,2870.98,11.1612,4494.99,8.91999,112.353,19.6169
20,8.18617,57.3157,91.7112,57.4125,140.833,50.459,224.096,41.4675,778.273,22.5574,1433.9,16.6235,2870.98,11.7487,4494.99,9.38947,109.77,20.5766
21,4.07363,57.7539,90.07,59.9546,139.944,52.8741,223.707,43.5159,778.24,23.6849,1433.89,17.4546,2870.97,12.3361,4494.99,9.85894,107.109,21.5217
22,-0.0596882,57.8973,88.3583,62.4497,139.014,55.2734,223.3,45.5607,778.205,24.8124,1433.88,18.2857,2870.97,12.9235,4494.99,10.3284,104.366,22.4504
23,-4.1927,57.7453,86.5775,64.896,138.043,57.6565,222.874,47.6017,778.168,25.9398,1433.87,19.1169,2870.97,13.5109,4494.99,10.7979,101.539,23.3608
24,-8.30432,57.2986,84.729,67.2916,137.031,60.0224,222.429,49.6386,778.13,27.0672,1433.86,19.948,2870.97,14.0984,4494.99,11.2674,98.6224,24.2507
25,-12.3736,56.5596,82.8142,69.6345,135.978,62.3706,221.966,51.6715,778.09,28.1945,1433.85,20.7791,2870.96,14.6858,4494.98,11.7368,95.6127,25.1177
26,-16.3797,55.532,80.8347,71.923,134.885,64.7004,221.484,53.7,778.048,29.3217,1433.84,21.6102,2870.96,15.2732,4494.98,12.2063,92.5048,25.9588
27,-20.3022,54.221,78.7919,74.1552,133.752,67.011,220.983,55.724,778.005,30.4489,1433.82,22.4413,2870.96,15.8607,4494.98,12.6758,89.2936,26.771
28,-24.1211,52.6333,76.6875,76.3295,132.579,69.3018,220.464,57.7433,777.96,31.5761,1433.81,23.2724,2870.95,16.4481,4494.98,13.1452,85.9732,27.5503
29,-27.817,50.7771,74.5232,78.444,131.368,71.5721,219.927,59.7578,777.913,32.7031,1433.8,24.1034,2870.95,17.0355,4494.98,13.6147,82.5369,28.2925
30,-31.3709,48.6618,72.3006,80.4972,130.117,73.8211,219.371,61.7673,777.865,33.8301,1433.78,24.9345,2870.95,17.6229,4494.98,14.0842,78.9774,28.9924
31,-34.7647,46.2982,70.0214,82.4874,128.828,76.0484,218.797,63.7717,777.815,34.957,1433.77,25.7656,2870.94,18.2104,4494.98,14.5537,75.2865,29.644
32,-37.9811,43.6983,67.6875,84.4131,127.501,78.2531,218.204,65.7707,777.764,36.0839,1433.75,26.5966,2870.94,18.7978,4494.97,15.0231,71.4546,30.24
33,-41.0038,40.8755,65.3007,86.2728,126.136,80.4347,217.593,67.7642,777.711,37.2107,1433.74,27.4277,2870.93,19.3852,4494.97,15.4926,67.471,30.7717
34,-43.8172,37.8441,62.8628,88.0651,124.734,82.5925,216.964,69.752,777.656,38.3374,1433.72,28.2587,2870.93,19.9726,4494.97,15.9621,63.3234,31.2284
35,-46.407,34.6196,60.3757,89.7884,123.295,84.7259,216.317,71.734,777.6,39.464,1433.7,29.0897,2870.93,20.56,4494.97,16.4315,58.9973,31.597
36,-48.76,31.2184,57.8414,91.4416,121.819,86.8341,215.652,73.71,777.542,40.5905,1433.69,29.9208,2870.92,21.1475,4494.97,16.901,54.476,31.8608
37,-50.8643,27.658,55.2619,93.0232,120.308,88.9167,214.969,75.6798,777.482,41.717,1433.67,30.7518,2870.92,21.7349,4494.97,17.3705,49.7397,31.9984
38,-52.709,23.9564,52.6391,94.5321,118.76,90.973,214.267,77.6433,777.421,42.8433,1433.65,31.5828,2870.91,22.3223,4494.96,17.84,44.7648,31.982
39,-54.2847,20.1326,49.9752,95.967,117.178,93.0024,213.548,79.6002,777.358,43.9696,1433.63,32.4138,2870.91,22.9097,4494.96,18.3094,39.523,31.7742
40,-55.5834,16.2061,47.2722,97.3269,115.561,95.0042,212.811,81.5506,777.293,45.0958,1433.61,33.2447,2870.9,23.4971,4494.96,18.7789,33.9805,31.3232
41,-56.5986,12.1969,44.5323,98.6107,113.91,96.9779,212.056,83.494,777.227,46.2219,1433.59,34.0757,2870.9,24.0845,4494.96,19.2484,28.0962,30.5549
42,-57.3249,8.1254,41.7575,99.8173,112.225,98.9229,211.284,85.4305,777.16,47.3478,1433.57,34.9066,2870.89,24.672,4494.96,19.7178,21.8224,29.3582
43,-57.7588,4.01248,38.9501,100.946,110.506,100.839,210.493,87.3599,777.09,48.4737,1433.55,35.7376,2870.89,25.2594,4494.95,20.1873,15.1077,27.5581
44,-57.8979,-0.120908,36.1122,101.996,108.756,102.725,209.685,89.2819,777.019,49.5995,1433.53,36.5685,2870.88,25.8468,4494.95,20.6568,7.91682,24.8602
45,-57.7416,-4.25368,33.246,102.965,106.973,104.58,208.86,91.1965,776.947,50.7252,1433.51,37.3994,2870.88,26.4342,4494.95,21.1262,0.312015,20.7413
46,-57.2907,-8.36475,30.3539,103.855,105.158,106.405,208.017,93.1034,776.872,51.8508,1433.49,38.2303,2870.87,27.0216,4494.95,21.5957,-7.21757,14.2888
47,-56.5475,-12.4331,27.438,104.663,103.312,108.198,207.157,95.0026,776.796,52.9762,1433.47,39.0612,2870.87,27.609,4494.95,22.0652,-12.8231,4.61495
48,-55.5157,-16.4381,24.5007,105.389,101.436,109.959,206.279,96.8938,776.719,54.1016,1433.44,39.8921,2870.86,28.1964,4494.94,22.5346,-13.8856,-6.64693
49,-54.2007,-20.3592,21.5442,106.033,99.5293,111.687,205.384,98.7769,776.64,55.2268,1433.42,40.723,2870.86,28.7838,4494.94,23.0041,-11.2276,-16.4347
50,-52.6091,-24.1764,18.5709,106.594,97.5935,113.383,204.472,100.652,776.559,56.352,1433.4,41.5538,2870.85,29.3712,4494.94,23.4736,-7.03625,-24.2117
51,-50.7491,-27.8702,15.583,107.071,95.6288,115.045,203.543,102.518,776.476,57.477,1433.37,42.3847,2870.84,29.9586,4494.94,23.943,-2.36069,-30.4788
52,-48.6301,-31.4218,12.583,107.465,93.6358,116.673,202.596,104.376,776.392,58.6019,1433.35,43.2155,2870.84,30.546,4494.93,24.4125,2.41399,-35.6759
53,-46.2631,-34.8132,9.57312,107.775,91.6151,118.266,201.633,106.225,776.307,59.7266,1433.32,44.0463,2870.83,31.1334,4494.93,24.882,7.14286,-40.0917
54,-43.6599,-38.0268,6.55576,108.001,89.5672,119.824,200.653,108.065,776.219,60.8513,1433.29,44.8771,2870.82,31.7208,4494.93,25.3514,11.7696,-43.9145
55,-40.834,-41.0465,3.53328,108.142,87.4929,121.347,199.656,109.896,776.13,61.9758,1433.27,45.7079,2870.82,32.3082,4494.93,25.8209,16.2734,-47.2713
56,-37.7998,-43.8567,0.508031,108.198,85.3927,122.834,198.643,111.718,776.04,63.1001,1433.24,46.5386,2870.81,32.8956,4494.92,26.2904,20.6487,-50.2513
57,-34.5727,-46.4432,-2.51761,108.17,83.2672,124.285,197.612,113.531,775.948,64.2244,1433.21,47.3694,2870.8,33.483,4494.92,26.7598,24.8967,-52.9195
58,-31.1692,-48.7927,-5.54128,108.057,81.1171,125.699,196.566,115.334,775.854,65.3485,1433.19,48.2001,2870.8,34.0704,4494.92,27.2293,29.0214,-55.3247
59,-27.6066,-50.8932,-8.56062,107.86,78.943,127.076,195.502,117.127,775.758,66.4725,1433.16,49.0308,2870.79,34.6578,4494.91,27.6988,33.0283,-57.5045
60,-23.9032,-52.7341,-11.5733,107.578,76.7456,128.415,194.423,118.911,775.661,67.5963,1433.13,49.8615,2870.78,35.2452,4494.91,28.1682,36.923,-59.4884
61,-20.0779,-54.3059,-14.5768,107.212,74.5254,129.716,193.327,120.685,775.563,68.72,1433.1,50.6922,2870.78,35.8326,4494.91,28.6377,40.711,-61.3002
62,-16.15,-55.6006,-17.569,106.763,72.2832,130.979,192.215,122.448,775.462,69.8436,1433.07,51.5229,2870.77,36.42,4494.91,29.1072,44.3978,-62.9594
63,-12.1398,-56.6116,-20.5475,106.23,70.0195,132.202,191.087,124.202,775.36,70.967,1433.04,52.3535,2870.76,37.0074,4494.9,29.5766,47.9884,-64.482
64,-8.06767,-57.3338,-23.5098,105.613,67.7352,133.387,189.943,125.944,775.257,72.0902,1433.01,53.1842,2870.75,37.5947,4494.9,30.0461,51.4874,-65.8813
65,-3.95435,-57.7635,-26.4538,104.915,65.4308,134.533,188.783,127.677,775.151,73.2133,1432.98,54.0148,2870.75,38.1821,4494.9,30.5156,54.8991,-67.1689
66,0.179154,-57.8984,-29.3771,104.134,63.1071,135.638,187.607,129.399,775.045,74.3363,1432.95,54.8454,2870.74,38.7695,4494.89,30.985,58.2275,-68.3544
67,4.31174,-57.7379,-32.2774,103.272,60.7647,136.704,186.415,131.109,774.936,75.4591,1432.91,55.6759,2870.73,39.3569,4494.89,31.4545,61.4762,-69.4463
68,8.42233,-57.2828,-35.1525,102.328,58.4043,137.729,185.208,132.809,774.826,76.5817,1432.88,56.5065,2870.72,39.9443,4494.89,31.9239,64.6485,-70.4519
69,12.49,-56.5355,-38,101.305,56.0267,138.713,183.986,134.498,774.714,77.7042,1432.85,57.337,2870.71,40.5316,4494.88,32.3934,67.7475,-71.3776
70,16.4938,-55.4997,-40.8179,100.203,53.6324,139.656,182.748,136.176,774.601,78.8265,1432.81,58.1676,2870.7,41.119,4494.88,32.8629,70.7761,-72.229
71,20.4136,-54.1807,-43.6038,99.0223,51.2223,140.558,181.495,137.842,774.486,79.9486,1432.78,58.9981,2870.7,41.7064,4494.88,33.3323,73.7369,-73.0112
72,24.2292,-52.5853,-46.3556,97.7642,48.7971,141.418,180.226,139.496,774.369,81.0706,1432.75,59.8285,2870.69,42.2938,4494.87,33.8018,76.6322,-73.7286
73,27.9211,-50.7215,-49.0712,96.4296,46.3574,142.237,178.943,141.139,774.251,82.1924,1432.71,60.659,2870.68,42.8811,4494.87,34.2712,79.4645,-74.3852
74,31.4706,-48.599,-51.7483,95.0195,43.904,143.013,177.644,142.77,774.131,83.3141,1432.68,61.4894,2870.67,43.4685,4494.87,34.7407,82.2356,-74.9846
75,34.8596,-46.2285,-54.385,93.5352,41.4376,143.747,176.331,144.39,774.01,84.4355,1432.64,62.3199,2870.66,44.0559,4494.86,35.2102,84.9477,-75.5302
76,38.0707,-43.6222,-56.9792,91.9777,38.9589,144.438,175.003,145.997,773.887,85.5568,1432.6,63.1503,2870.65,44.6432,4494.86,35.6796,87.6024,-76.0247
77,41.0875,-40.7932,-59.5288,90.3482,36.4687,145.087,173.66,147.592,773.762,86.6779,1432.57,63.9806,2870.64,45.2306,4494.85,36.1491,90.2016,-76.471
78,43.8947,-37.7562,-62.0318,88.6481,33.9677,145.693,172.302,149.174,773.636,87.7988,1432.53,64.811,2870.63,45.818,4494.85,36.6185,92.7466,-76.8715
79,46.4779,-34.5265,-64.4864,86.8787,31.4567,146.256,170.931,150.744,773.508,88.9196,1432.49,65.6413,2870.62,46.4053,4494.85,37.088,95.2392,-77.2283
80,48.8241,-31.1206,-66.8904,85.0413,28.9364,146.775,169.545,152.301,773.378,90.0401,1432.45,66.4716,2870.61,46.9927,4494.84,37.5575,97.6805,-77.5437
81,50.921,-27.556,-69.2422,83.1374,26.4075,147.251,168.145,153.846,773.247,91.1605,1432.41,67.3019,2870.6,47.58,4494.84,38.0269,100.072,-77.8194
82,52.7582,-23.8507,-71.5398,81.1684,23.8708,147.683,166.73,155.378,773.114,92.2806,1432.37,68.1322,2870.59,48.1674,4494.83,38.4964,102.415,-78.0573
83,54.3262,-20.0238,-73.7814,79.136,21.327,148.072,165.302,156.897,772.98,93.4006,1432.33,68.9625,2870.58,48.7547,4494.83,38.9658,104.71,-78.2589
84,55.6171,-16.0947,-75.9653,77.0417,18.7769,148.417,163.86,158.402,772.844,94.5204,1432.29,69.7927,2870.57,49.3421,4494.83,39.4353,106.959,-78.4258
85,56.6241,-12.0835,-78.0898,74.8871,16.2213,148.718,162.404,159.895,772.706,95.64,1432.25,70.6229,2870.56,49.9294,4494.82,39.9047,109.162,-78.5594
86,57.3423,-8.0106,-80.1533,72.674,13.6609,148.975,160.935,161.374,772.567,96.7594,1432.21,71.453,2870.55,50.5168,4494.82,40.3742,111.321,-78.6611
87,57.7679,-3.89685,-82.154,70.404,11.0964,149.188,159.452,162.839,772.426,97.8785,1432.17,72.2832,2870.54,51.1041,4494.81,40.8437,113.436,-78.7319
88,57.8988,0.23677,-84.0905,68.0789,8.52866,149.357,157.956,164.291,772.283,98.9975,1432.13,73.1133,2870.53,51.6915,4494.81,41.3131,115.509,-78.7731
89,57.7342,4.36919,-85.9612,65.7006,5.95839,149.481,156.446,165.729,772.139,100.116,1432.08,73.9434,2870.52,52.2788,4494.81,41.7826,117.54,-78.7857
90,57.2751,8.47931,-87.7646,63.2709,3.38636,149.561,154.924,167.153,771.993,101.235,1432.04,74.7735,2870.51,52.8661,4494.8,42.252,119.53,-78.7708
91,56.5238,12.5462,-89.4994,60.7917,0.813321,149.597,153.388,168.564,771.846,102.353,1432,75.6036,2870.5,53.4535,4494.8,42.7215,121.479,-78.7293
92,55.4841,16.549,-91.1642,58.2649,-1.75995,149.589,151.84,169.96,771.697,103.471,1431.95,76.4336,2870.49,54.0408,4494.79,43.1909,123.388,-78.662
93,54.1613,20.4674,-92.7577,55.6926,-4.3327,149.537,150.279,171.342,771.546,104.589,1431.91,77.2636,2870.48,54.6281,4494.79,43.6604,125.259,-78.5699
94,52.5622,24.2814,-94.2786,53.0767,-6.90417,149.44,148.706,172.709,771.394,105.707,1431.86,78.0936,2870.47,55.2155,4494.78,44.1298,127.091,-78.4537
95,50.6949,27.9716,-95.7258,50.4193,-9.47359,149.299,147.12,174.063,771.24,106.824,1431.82,78.9235,2870.46,55.8028,4494.78,44.5993,128.886,-78.3142
96,48.5689,31.519,-97.098,47.7224,-12.0402,149.114,145.521,175.401,771.084,107.942,1431.77,79.7534,2870.44,56.3901,4494.77,45.0687,130.643,-78.152
97,46.1952,34.9055,-98.3944,44.9883,-14.6033,148.885,143.911,176.725,770.927,109.059,1431.72,80.5833,2870.43,56.9774,4494.77,45.5382,132.364,-77.9679
98,43.5858,38.1141,-99.6137,42.2189,-17.162,148.611,142.288,178.034,770.768,110.175,1431.68,81.4132,2870.42,57.5647,4494.76,46.0076,134.048,-77.7625
99,40.754,41.1281,-100.755,39.4165,-19.7156,148.294,140.654,179.328,770.608,111.292,1431.63,82.2431,2870.41,58.1521,4494.76,46.4771,135.697,-77.5364
100,37.7143,43.9323,-101.818,36.5833,-22.2635,147.933,139.008,180.607,770.446,112.408,1431.58,83.0729,2870.4,58.7394,4494.75,46.9465,137.31,-77.2901
101,34.4822,46.5124,-102.801,33.7214,-24.8047,147.528,137.35,181.872,770.283,113.524,1431.53,83.9027,2870.39,59.3267,4494.75,47.416,138.889,-77.0243
102,31.0742,48.8552,-103.703,30.8332,-27.3386,147.079,135.68,183.12,770.117,114.64,1431.48,84.7324,2870.37,59.914,4494.74,47.8854,140.433,-76.7394
103,27.5076,50.9487,-104.525,27.9208,-29.8644,146.587,134,184.354,769.95,115.756,1431.43,85.5621,2870.36,60.5013,4494.74,48.3549,141.944,-76.436
104,23.8007,52.7823,-105.264,24.9866,-32.3813,146.052,132.308,185.572,769.782,116.871,1431.38,86.3918,2870.35,61.0886,4494.73,48.8243,143.42,-76.1145
105,19.9724,54.3467,-105.922,22.0329,-34.8887,145.473,130.605,186.775,769.612,117.986,1431.33,87.2215,2870.34,61.6759,4494.73,49.2938,144.864,-75.7754
106,16.0421,55.6337,-106.496,19.0619,-37.3857,144.851,128.891,187.962,769.44,119.101,1431.28,88.0512,2870.32,62.2632,4494.72,49.7632,146.275,-75.4191
107,12.0301,56.6369,-106.987,16.076,-39.8717,144.187,127.166,189.133,769.267,120.216,1431.23,88.8808,2870.31,62.8505,4494.72,50.2326,147.653,-75.046
108,7.95664,57.3512,-107.395,13.0776,-42.3459,143.48,125.431,190.288,769.092,121.33,1431.18,89.7104,2870.3,63.4378,4494.71,50.7021,148.999,-74.6566
109,3.84261,57.7729,-107.718,10.0689,-44.8075,142.73,123.685,191.428,768.916,122.444,1431.13,90.5399,2870.28,64.0251,4494.71,51.1715,150.314,-74.2511
110,-0.291026,57.8998,-107.957,7.05232,-47.2559,141.938,121.929,192.551,768.737,123.558,1431.07,91.3694,2870.27,64.6124,4494.7,51.641,151.596,-73.8301
111,-4.42317,57.7314,-108.112,4.03023,-49.6903,141.104,120.163,193.658,768.558,124.672,1431.02,92.1989,2870.26,65.1997,4494.7,52.1104,152.847,-73.3938
112,-8.53275,57.2684,-108.182,1.005,-52.11,140.228,118.386,194.749,768.376,125.785,1430.97,93.0284,2870.24,65.7869,4494.69,52.5799,154.068,-72.9426
113,-12.5988,56.5133,-108.167,-2.02103,-54.5143,139.311,116.6,195.824,768.193,126.898,1430.91,93.8578,2870.23,66.3742,4494.69,53.0493,155.257,-72.4768
114,-16.6006,55.4698,-108.068,-5.04547,-56.9025,138.352,114.804,196.883,768.009,128.011,1430.86,94.6872,2870.22,66.9615,4494.68,53.5187,156.416,-71.9967
115,-20.5176,54.1433,-107.885,-8.06597,-59.2738,137.353,112.998,197.925,767.823,129.124,1430.8,95.5166,2870.2,67.5488,4494.68,53.9882,157.544,-71.5027
116,-24.33,52.5407,-107.616,-11.0802,-61.6275,136.313,111.183,198.95,767.635,130.236,1430.75,96.3459,2870.19,68.136,4494.67,54.4576,158.643,-70.995
117,-28.0183,50.6699,-107.264,-14.0857,-63.963,135.233,109.359,199.959,767.445,131.348,1430.69,97.1752,2870.18,68.7233,4494.66,54.9271,159.711,-70.4738
118,-31.5636,48.5407,-106.828,-17.0802,-66.2796,134.112,107.525,200.951,767.254,132.46,1430.63,98.0045,2870.16,69.3106,4494.66,55.3965,160.75,-69.9396
119,-34.9479,46.1638,-106.308,-20.0613,-68.5766,132.952,105.682,201.926,767.062,133.571,1430.57,98.8338,2870.15,69.8978,4494.65,55.8659,161.759,-69.3925
120,-38.1539,43.5514,-105.705,-23.0267,-70.8533,131.753,103.831,202.884,766.867,134.682,1430.52,99.663,2870.13,70.4851,4494.65,56.3354,162.739,-68.8327
121,-41.1653,40.7168,-105.019,-25.9741,-73.109,130.514,101.971,203.826,766.672,135.793,1430.46,100.492,2870.12,71.0723,4494.64,56.8048,163.689,-68.2606
122,-43.9666,37.6745,-104.251,-28.9012,-75.3431,129.237,100.102,204.75,766.474,136.904,1430.4,101.321,2870.1,71.6596,4494.63,57.2742,164.61,-67.6764
123,-46.5436,34.44,-103.402,-31.8057,-77.5549,127.922,98.2253,205.657,766.275,138.014,1430.34,102.15,2870.09,72.2469,4494.63,57.7437,165.503,-67.0803
124,-48.8832,31.0297,-102.472,-34.6853,-79.7437,126.569,96.34,206.547,766.074,139.124,1430.28,102.979,2870.07,72.8341,4494.62,58.2131,166.367,-66.4725
125,-50.9733,27.4612,-101.461,-37.5378,-81.9089,125.178,94.4467,207.419,765.872,140.234,1430.22,103.808,2870.06,73.4213,4494.62,58.6826,167.202,-65.8533
126,-52.8034,23.7525,-100.371,-40.3608,-84.0499,123.751,92.5455,208.275,765.668,141.343,1430.16,104.637,2870.04,74.0086,4494.61,59.152,168.008,-65.2228
127,-54.3641,19.9227,-99.2026,-43.1523,-86.166,122.286,90.6366,209.112,765.463,142.452,1430.1,105.466,2870.03,74.5958,4494.6,59.6214,168.786,-64.5813
128,-55.6474,15.9912,-97.9565,-45.9101,-88.2566,120.786,88.7201,209.933,765.256,143.561,1430.04,106.295,2870.01,75.1831,4494.6,60.0909,169.536,-63.929
129,-56.6468,11.9782,-96.6337,-48.6319,-90.3211,119.25,86.7961,210.736,765.047,144.67,1429.98,107.124,2870,75.7703,4494.59,60.5603,170.258,-63.266
130,-57.3572,7.90397,-95.2354,-51.3157,-92.3589,117.678,84.8649,211.521,764.837,145.778,1429.91,107.953,2869.98,76.3575,4494.58,61.0297,170.951,-62.5925
131,-57.7749,3.78946,-93.7625,-53.9593,-94.3693,116.072,82.9266,212.288,764.625,146.886,1429.85,108.782,2869.97,76.9447,4494.58,61.4991,171.616,-61.9087
132,-57.8979,-0.34438,-92.2162,-56.5606,-96.3518,114.431,80.9814,213.038,764.411,147.993,1429.79,109.611,2869.95,77.532,4494.57,61.9686,172.253,-61.2149
133,-57.7255,-4.47647,-90.5978,-59.1178,-98.3058,112.757,79.0293,213.77,764.196,149.101,1429.72,110.439,2869.93,78.1192,4494.57,62.438,172.863,-60.5111
134,-57.2585,-8.58571,-88.9085,-61.6286,-100.231,111.049,77.0707,214.484,763.979,150.208,1429.66,111.268,2869.92,78.7064,4494.56,62.9074,173.444,-59.7976
135,-56.4994,-12.6512,-87.1496,-64.0913,-102.126,109.308,75.1056,215.179,763.761,151.314,1429.59,112.097,2869.9,79.2936,4494.55,63.3769,173.998,-59.0744
136,-55.452,-16.652,-85.3226,-66.5038,-103.991,107.535,73.1343,215.857,763.541,152.421,1429.53,112.926,2869.89,79.8808,4494.55,63.8463,174.524,-58.3419
137,-54.1216,-20.568,-83.4287,-68.8642,-105.825,105.73,71.1568,216.517,763.32,153.527,1429.46,113.754,2869.87,80.468,4494.54,64.3157,175.022,-57.6
138,-52.5151,-24.379,-81.4696,-71.1708,-107.628,103.894,69.1733,217.159,763.096,154.632,1429.39,114.583,2869.85,81.0552,4494.53,64.7851,175.492,-56.8491
139,-50.6407,-28.0655,-79.4467,-73.4216,-109.399,102.027,67.1841,217.783,762.872,155.738,1429.33,115.411,2869.84,81.6424,4494.53,65.2546,175.935,-56.0891
140,-48.5079,-31.6089,-77.3616,-75.615,-111.138,100.13,65.1893,218.388,762.645,156.843,1429.26,116.24,2869.82,82.2296,4494.52,65.724,176.35,-55.3204
141,-46.1275,-34.991,-75.216,-77.7493,-112.844,98.2029,63.189,218.975,762.417,157.948,1429.19,117.068,2869.8,82.8168,4494.51,66.1934,176.737,-54.5429
142,-43.5118,-38.1946,-73.0116,-79.8227,-114.516,96.2471,61.1834,219.544,762.188,159.052,1429.12,117.897,2869.78,83.404,4494.5,66.6628,177.097,-53.7569
143,-40.674,-41.2032,-70.75,-81.8336,-116.154,94.2627,59.1727,220.094,761.957,160.156,1429.05,118.725,2869.77,83.9912,4494.5,67.1323,177.429,-52.9625
144,-37.6288,-44.0017,-68.433,-83.7805,-117.758,92.2505,57.157,220.626,761.724,161.26,1428.99,119.553,2869.75,84.5784,4494.49,67.6017,177.733,-52.1599
145,-34.3915,-46.5756,-66.0625,-85.6618,-119.328,90.2109,55.1366,221.14,761.49,162.363,1428.92,120.382,2869.73,85.1656,4494.48,68.0711,178.01,-51.3491
146,-30.9787,-48.9118,-63.6403,-87.4761,-120.862,88.1447,53.1116,221.635,761.254,163.466,1428.85,121.21,2869.72,85.7527,4494.48,68.5405,178.259,-50.5303
147,-27.4078,-50.9984,-61.1683,-89.2219,-122.36,86.0523,51.0821,222.112,761.016,164.569,1428.77,122.038,2869.7,86.3399,4494.47,69.0099,178.48,-49.7036
148,-23.6971,-52.8249,-58.6484,-90.8979,-123.822,83.9345,49.0483,222.569,760.777,165.671,1428.7,122.866,2869.68,86.9271,4494.46,69.4794,178.673,-48.8692
149,-19.8654,-54.3817,-56.0826,-92.5028,-125.247,81.7919,47.0104,223.009,760.536,166.773,1428.63,123.694,2869.66,87.5142,4494.45,69.9488,178.839,-48.0272
150,-15.9324,-55.6611,-53.4729,-94.0352,-126.635,79.625,44.9686,223.429,760.294,167.875,1428.56,124.522,2869.64,88.1014,4494.45,70.4182,178.977,-47.1777
151,-11.9181,-56.6564,-50.8214,-95.4941,-127.986,77.4346,42.9231,223.831,760.05,168.976,1428.49,125.35,2869.63,88.6886,4494.44,70.8876,179.086,-46.3208
152,-7.84298,-57.3626,-48.1301,-96.8783,-129.299,75.2213,40.8739,224.214,759.805,170.077,1428.41,126.178,2869.61,89.2757,4494.43,71.357,179.168,-45.4566
153,-3.72782,-57.7761,-45.4011,-98.1866,-130.574,72.9857,38.8214,224.579,759.557,171.178,1428.34,127.006,2869.59,89.8629,4494.42,71.8264,179.221,-44.5854
154,0.406357,-57.8948,-42.6366,-99.4181,-131.809,70.7285,36.7656,224.924,759.309,172.278,1428.27,127.834,2869.57,90.45,4494.42,72.2958,179.247,-43.7071
155,4.53846,-57.7181,-39.8387,-100.572,-133.006,68.4504,34.7067,225.251,759.058,173.378,1428.19,128.662,2869.55,91.0371,4494.41,72.7653,179.244,-42.8219
156,8.64741,-57.2468,-37.0097,-101.647,-134.164,66.152,32.6449,225.559,758.807,174.478,1428.12,129.49,2869.53,91.6243,4494.4,73.2347,179.212,-41.9299
157,12.7122,-56.4834,-34.1517,-102.642,-135.282,63.834,30.5804,225.848,758.553,175.577,1428.04,130.318,2869.51,92.2114,4494.39,73.7041,179.152,-41.0313
158,16.7122,-55.4318,-31.2669,-103.557,-136.36,61.4971,28.5133,226.118,758.298,176.675,1427.96,131.146,2869.5,92.7986,4494.39,74.1735,179.064,-40.1261
159,20.6269,-54.0973,-28.3577,-104.391,-137.397,59.142,26.4438,226.37,758.041,177.774,1427.89,131.973,2869.48,93.3857,4494.38,74.6429,178.947,-39.2145
160,24.4363,-52.4867,-25.4263,-105.144,-138.394,56.7695,24.3721,226.602,757.783,178.872,1427.81,132.801,2869.46,93.9728,4494.37,75.1123,178.801,-38.2966
161,28.121,-50.6084,-22.475,-105.814,-139.35,54.3801,22.2984,226.815,757.523,179.97,1427.73,133.628,2869.44,94.5599,4494.36,75.5817,178.626,-37.3725
162,31.6622,-48.4717,-19.5061,-106.401,-140.264,51.9746,20.2229,227.01,757.262,181.067,1427.65,134.456,2869.42,95.147,4494.36,76.0511,178.422,-36.4422
163,35.0419,-46.0878,-16.5219,-106.905,-141.137,49.5538,18.1456,227.185,756.999,182.164,1427.58,135.284,2869.4,95.7341,4494.35,76.5205,178.189,-35.506
164,38.2428,-43.4686,-13.5248,-107.325,-141.969,47.1182,16.0668,227.341,756.734,183.26,1427.5,136.111,2869.38,96.3213,4494.34,76.9899,177.926,-34.5639
165,41.2485,-40.6277,-10.5171,-107.662,-142.758,44.6688,13.9867,227.479,756.468,184.356,1427.42,136.938,2869.36,96.9084,4494.33,77.4593,177.634,-33.6161
166,44.0437,-37.5794,-7.50118,-107.914,-143.505,42.2061,11.9054,227.597,756.2,185.452,1427.34,137.766,2869.34,97.4955,4494.32,77.9287,177.311,-32.6627
167,46.6142,-34.3394,-4.47939,-108.081,-144.209,39.7309,9.82309,227.696,755.931,186.548,1427.26,138.593,2869.32,98.0826,4494.31,78.3981,176.959,-31.7037
168,48.9469,-30.9241,-1.45408,-108.164,-144.871,37.2439,7.73998,227.776,755.66,187.642,1427.18,139.42,2869.3,98.6696,4494.31,78.8675,176.577,-30.7393
169,51.0297,-27.3511,1.57236,-108.163,-145.49,34.7459,5.65622,227.837,755.387,188.737,1427.09,140.248,2869.28,99.2567,4494.3,79.337,176.164,-29.7696
170,52.8522,-23.6385,4.59757,-108.076,-146.066,32.2377,3.57199,227.879,755.113,189.831,1427.01,141.075,2869.26,99.8438,4494.29,79.8064,175.721,-28.7947
171,54.4051,-19.8053,7.61918,-107.905,-146.599,29.7199,1.48747,227.902,754.838,190.925,1426.93,141.902,2869.24,100.431,4494.28,80.2758,175.247,-27.8148
172,55.6803,-15.871,10.6348,-107.65,-147.088,27.1933,-0.597177,227.906,754.56,192.018,1426.85,142.729,2869.22,101.018,4494.27,80.7451,174.742,-26.83
173,56.6714,-11.8558,13.6422,-107.311,-147.534,24.6586,-2.68177,227.891,754.281,193.111,1426.76,143.556,2869.2,101.605,4494.26,81.2145,174.205,-25.8403
174,57.3734,-7.78003,16.6388,-106.887,-147.936,22.1167,-4.76614,227.857,754.001,194.204,1426.68,144.383,2869.18,102.192,4494.26,81.6839,173.637,-24.846
175,57.7826,-3.66458,19.6225,-106.38,-148.294,19.5682,-6.85011,227.803,753.719,195.296,1426.6,145.21,2869.15,102.779,4494.25,82.1533,173.037,-23.8471
176,57.897,0.469555,22.5907,-105.789,-148.608,17.0139,-8.9335,227.731,753.435,196.388,1426.51,146.037,2869.13,103.366,4494.24,82.6227,172.405,-22.8438
177,57.7161,4.6013,25.5413,-105.116,-148.878,14.4546,-11.0161,227.64,753.15,197.479,1426.43,146.864,2869.11,103.953,4494.23,83.0921,171.741,-21.8361
178,57.2406,8.70957,28.472,-104.36,-149.105,11.891,-13.0979,227.529,752.863,198.57,1426.34,147.691,2869.09,104.54,4494.22,83.5615,171.043,-20.8243
179,56.4731,12.7734,31.3803,-103.523,-149.287,9.32385,-15.1785,227.399,752.575,199.661,1426.25,148.518,2869.07,105.127,4494.21,84.0309,170.313,-19.8085
180,55.4175,16.7721,34.2641,-102.605,-149.425,6.75397,-17.2578,227.251,752.285,200.751,1426.17,149.344,2869.05,105.714,4494.2,84.5003,169.549,-18.7887
181,54.0791,20.6852,37.121,-101.607,-149.518,4.18209,-19.3357,227.083,751.994,201.84,1426.08,150.171,2869.03,106.301,4494.19,84.9697,168.751,-17.7652
182,52.4649,24.4927,39.9489,-100.528,-149.568,1.60897,-21.412,226.897,751.7,202.93,1425.99,150.998,2869,106.888,4494.19,85.4391,167.919,-16.7382
183,50.583,28.1753,42.7456,-99.3718,-149.573,-0.964623,-23.4865,226.691,751.406,204.018,1425.9,151.824,2868.98,107.475,4494.18,85.9085,167.052,-15.7076
184,48.443,31.7142,45.5088,-98.1373,-149.534,-3.53793,-25.559,226.467,751.11,205.107,1425.82,152.651,2868.96,108.063,4494.17,86.3779,166.151,-14.6738
185,46.0559,35.0912,48.2364,-96.826,-149.45,-6.11019,-27.6294,226.223,750.812,206.195,1425.73,153.477,2868.94,108.65,4494.16,86.8472,165.213,-13.6368
186,43.4338,38.2893,50.9262,-95.4389,-149.323,-8.68065,-29.6975,225.961,750.512,207.282,1425.64,154.303,2868.92,109.237,4494.15,87.3166,164.24,-12.5969
187,40.5901,41.292,53.5762,-93.9772,-149.151,-11.2485,-31.7631,225.679,750.211,208.369,1425.55,155.13,2868.89,109.824,4494.14,87.786,163.231,-11.5542
188,37.5394,44.0841,56.1843,-92.4419,-148.935,-13.8131,-33.826,225.379,749.909,209.456,1425.46,155.956,2868.87,110.411,4494.13,88.2554,162.184,-10.5088
189,34.2972,46.6512,58.7484,-90.8343,-148.675,-16.3735,-35.8861,225.06,749.605,210.542,1425.37,156.782,2868.85,110.998,4494.12,88.7248,161.101,-9.46105
190,30.88,48.9804,61.2665,-89.1555,-148.371,-18.9292,-37.9432,224.722,749.299,211.628,1425.27,157.609,2868.82,111.585,4494.11,89.1942,159.979,-8.41105
191,27.3053,51.0597,63.7367,-87.407,-148.023,-21.4792,-39.9971,224.365,748.992,212.713,1425.18,158.435,2868.8,112.172,4494.1,89.6636,158.818,-7.35903
192,23.5913,52.8786,66.157,-85.5901,-147.631,-24.0228,-42.0476,223.99,748.683,213.798,1425.09,159.261,2868.78,112.759,4494.09,90.1329,157.619,-6.30519
193,19.757,54.4277,68.5255,-83.7063,-147.195,-26.5594,-44.0947,223.595,748.372,214.883,1425,160.087,2868.76,113.346,4494.08,90.6023,156.38,-5.24977
194,15.8218,55.6991,70.8404,-81.7569,-146.716,-29.088,-46.138,223.182,748.06,215.967,1424.9,160.913,2868.73,113.932,4494.08,91.0717,155.1,-4.19298
195,11.806,56.6865,73.0999,-79.7435,-146.193,-31.6081,-48.1775,222.751,747.747,217.05,1424.81,161.739,2868.71,114.519,4494.07,91.5411,153.779,-3.13508
196,7.72993,57.3846,75.3022,-77.6678,-145.627,-34.1188,-50.2129,222.3,747.432,218.133,1424.71,162.565,2868.69,115.106,4494.06,92.0104,152.416,-2.07633
197,3.61444,57.7901,77.4455,-75.5312,-145.018,-36.6194,-52.2442,221.831,747.115,219.216,1424.62,163.39,2868.66,115.693,4494.05,92.4798,151.011,-1.017
198,-0.519485,57.9007,79.5283,-73.3356,-144.366,-39.1092,-54.2711,221.344,746.797,220.298,1424.52,164.216,2868.64,116.28,4494.04,92.9492,149.562,0.0426186
199,-4.65076,57.716,81.5488,-71.0826,-143.672,-41.5873,-56.2934,220.838,746.477,221.38,1424.43,165.042,2868.61,116.867,4494.03,93.4186,148.069,1.10223
200,-8.75831,57.2368,83.5055,-68.7739,-142.934,-44.0532,-58.311,220.313,746.156,222.461,1424.33,165.868,2868.59,117.454,4494.02,93.8879,146.531,2.1615
201,-12.8212,56.4657,85.3969,-66.4114,-142.155,-46.506,-60.3237,219.77,745.833,223.542,1424.24,166.693,2868.57,118.041,4494.01,94.3573,144.946,3.22009
202,-16.8186,55.4066,87.2214,-63.997,-141.333,-48.9451,-62.3314,219.209,745.508,224.622,1424.14,167.519,2868.54,118.628,4494,94.8267,143.315,4.27763
203,-20.7303,54.0648,88.9777,-61.5325,-140.47,-51.3696,-64.3339,218.629,745.182,225.702,1424.04,168.344,2868.52,119.215,4493.99,95.296,141.635,5.33373
204,-24.5362,52.4473,90.6644,-59.0198,-139.565,-53.779,-66.3309,218.031,744.854,226.781,1423.94,169.17,2868.49,119.802,4493.98,95.7654,139.906,6.38797
205,-28.217,50.5621,92.2802,-56.461,-138.618,-56.1724,-68.3224,217.415,744.525,227.86,1423.84,169.995,2868.47,120.389,4493.97,96.2348,138.126,7.43991
206,-31.7538,48.4191,93.8237,-53.858,-137.631,-58.5492,-70.3082,216.781,744.195,228.939,1423.74,170.82,2868.44,120.976,4493.96,96.7041,136.295,8.48906
207,-35.1286,46.0291,95.2939,-51.2128,-136.603,-60.9087,-72.2882,216.128,743.862,230.016,1423.64,171.646,2868.42,121.563,4493.95,97.1735,134.411,9.53491
208,-38.3243,43.4042,96.6894,-48.5276,-135.534,-63.2501,-74.262,215.458,743.528,231.094,1423.54,172.471,2868.39,122.15,4493.94,97.6429,132.472,10.5769
209,-41.3244,40.558,98.0094,-45.8044,-134.425,-65.5728,-76.2297,214.769,743.193,232.171,1423.44,173.296,2868.37,122.737,4493.93,98.1122,130.478,11.6144
210,-44.1137,37.5048,99.2526,-43.0454,-133.276,-67.876,-78.1909,214.062,742.856,233.247,1423.34,174.121,2868.34,123.323,4493.92,98.5816,128.426,12.6468
211,-46.678,34.2604,100.418,-40.2527,-132.088,-70.1592,-80.1456,213.338,742.517,234.323,1423.24,174.946,2868.32,123.91,4493.91,99.051,126.314,13.6733
212,-49.0041,30.8411,101.505,-37.4284,-130.861,-72.4216,-82.0936,212.595,742.177,235.399,1423.14,175.771,2868.29,124.497,4493.9,99.5203,124.142,14.6933
213,-51.0803,27.2645,102.513,-34.575,-129.595,-74.6626,-84.0348,211.835,741.835,236.474,1423.04,176.596,2868.27,125.084,4493.89,99.9897,121.907,15.7058
214,-52.8958,23.5488,103.44,-31.6944,-128.291,-76.8814,-85.9689,211.057,741.492,237.548,1422.93,177.421,2868.24,125.671,4493.87,100.459,119.606,16.7099
215,-54.4415,19.713,104.287,-28.7891,-126.949,-79.0775,-87.8958,210.261,741.147,238.622,1422.83,178.246,2868.21,126.258,4493.86,100.928,117.239,17.7046
216,-55.7095,15.7766,105.052,-25.8612,-125.569,-81.2502,-89.8153,209.448,740.801,239.696,1422.73,179.07,2868.19,126.845,4493.85,101.398,114.801,18.6887
217,-56.6932,11.7597,105.734,-22.9131,-124.152,-83.3988,-91.7273,208.617,740.453,240.769,1422.62,179.895,2868.16,127.432,4493.84,101.867,112.292,19.6611
218,-57.3877,7.68285,106.334,-19.9471,-122.698,-85.5227,-93.6317,207.769,740.104,241.841,1422.52,180.72,2868.14,128.018,4493.83,102.336,109.707,20.6203
219,-57.7894,3.56678,106.851,-16.9655,-121.208,-87.6212,-95.5282,206.903,739.753,242.913,1422.41,181.544,2868.11,128.605,4493.82,102.806,107.044,21.5648
220,-57.8962,-0.567497,107.285,-13.9706,-119.682,-89.6939,-97.4167,206.02,739.4,243.985,1422.3,182.369,2868.08,129.192,4493.81,103.275,104.3,22.4929
221,-57.7076,-4.69888,107.634,-10.9647,-118.12,-91.74,-99.297,205.12,739.046,245.056,1422.2,183.193,2868.06,129.779,4493.8,103.745,101.47,23.4026
222,-57.2246,-8.80628,107.899,-7.95034,-116.524,-93.7589,-101.169,204.203,738.69,246.126,1422.09,184.018,2868.03,130.366,4493.79,104.214,98.5517,24.2918
223,-56.4497,-12.8687,108.08,-4.92971,-114.893,-95.75,-103.033,203.268,738.333,247.196,1421.98,184.842,2868,130.953,4493.78,104.683,95.5397,25.1579
224,-55.3867,-16.8656,108.176,-1.90523,-113.227,-97.7128,-104.888,202.317,737.974,248.265,1421.88,185.666,2867.98,131.539,4493.77,105.153,92.4296,25.9981
225,-54.041,-20.7763,108.187,1.12075,-111.529,-99.6466,-106.734,201.348,737.614,249.334,1421.77,186.49,2867.95,132.126,4493.76,105.622,89.216,26.8092
226,-52.4197,-24.581,108.114,4.14585,-109.797,-101.551,-108.571,200.363,737.252,250.403,1421.66,187.314,2867.92,132.713,4493.74,106.091,85.893,27.5874
227,-50.5308,-28.2603,107.957,7.1677,-108.033,-103.425,-110.399,199.361,736.889,251.47,1421.55,188.139,2867.9,133.3,4493.73,106.561,82.454,28.3283
228,-48.3841,-31.7954,107.715,10.184,-106.237,-105.269,-112.218,198.342,736.524,252.538,1421.44,188.963,2867.87,133.887,4493.72,107.03,78.8917,29.0268
229,-45.9905,-35.1683,107.388,13.1922,-104.41,-107.081,-114.027,197.307,736.157,253.604,1421.33,189.786,2867.84,134.473,4493.71,107.499,75.1978,29.6767
230,-43.3622,-38.3617,106.978,16.1902,-102.551,-108.862,-115.827,196.255,735.789,254.671,1421.22,190.61,2867.81,135.06,4493.7,107.969,71.3627,30.2709
231,-40.5126,-41.3593,106.484,19.1755,-100.662,-110.611,-117.618,195.187,735.42,255.736,1421.11,191.434,2867.78,135.647,4493.69,108.438,67.3757,30.8005
232,-37.4563,-44.1459,105.907,22.1458,-98.7435,-112.326,-119.398,194.102,735.049,256.802,1421,192.258,2867.76,136.234,4493.68,108.907,63.2243,31.2549
233,-34.2088,-46.7071,105.247,25.0988,-96.7956,-114.009,-121.168,193.001,734.676,257.866,1420.88,193.082,2867.73,136.821,4493.67,109.377,58.8942,31.6207
234,-30.7867,-49.03,104.504,28.0322,-94.819,-115.658,-122.929,191.884,734.302,258.93,1420.77,193.905,2867.7,137.407,4493.65,109.846,54.3686,31.8813
235,-27.2076,-51.1027,103.68,30.9436,-92.8144,-117.272,-124.679,190.751,733.926,259.994,1420.66,194.729,2867.67,137.994,4493.64,110.315,49.6274,32.0152
236,-23.4895,-52.9146,102.775,33.8308,-90.7822,-118.852,-126.418,189.602,733.549,261.057,1420.54,195.552,2867.64,138.581,4493.63,110.785,44.6472,31.9943
237,-19.6516,-54.4565,101.79,36.6916,-88.7232,-120.396,-128.147,188.437,733.17,262.119,1420.43,196.376,2867.62,139.168,4493.62,111.254,39.3996,31.7809
238,-15.7134,-55.7204,100.724,39.5237,-86.6378,-121.905,-129.865,187.257,732.789,263.181,1420.32,197.199,2867.59,139.754,4493.61,111.723,33.8505,31.323
239,-11.695,-56.7,99.5804,42.3249,-84.5269,-123.378,-131.573,186.06,732.408,264.242,1420.2,198.022,2867.56,140.341,4493.6,112.193,27.9589,30.5458
240,-7.61697,-57.3901,98.3585,45.093,-82.3908,-124.814,-133.269,184.848,732.024,265.303,1420.09,198.845,2867.53,140.928,4493.58,112.662,21.6767,29.3372
241,-3.50001,-57.7874,97.0598,47.8258,-80.2304,-126.213,-134.954,183.621,731.639,266.364,1419.97,199.669,2867.5,141.515,4493.57,113.131,14.953,27.5204
242,0.634812,-57.8898,95.6852,50.5212,-78.0462,-127.575,-136.628,182.378,731.253,267.423,1419.85,200.492,2867.47,142.101,4493.56,113.601,7.75341,24.7978
243,4.7664,-57.6967,94.2357,53.1771,-75.8389,-128.899,-138.29,181.12,730.865,268.482,1419.74,201.315,2867.44,142.688,4493.55,114.07,0.144334,20.6398
244,8.87365,-57.2091,92.7125,55.7914,-73.6092,-130.185,-139.941,179.847,730.475,269.541,1419.62,202.138,2867.41,143.275,4493.54,114.539,-7.36849,14.1264
245,12.9356,-56.4295,91.1169,58.3622,-71.3576,-131.433,-141.58,178.558,730.084,270.599,1419.5,202.961,2867.38,143.861,4493.53,115.009,-12.9003,4.39157
246,16.9316,-55.362,89.45,60.8872,-69.0849,-132.641,-143.208,177.255,729.691,271.656,1419.38,203.783,2867.35,144.448,4493.51,115.478,-13.8657,-6.86257
247,20.8411,-54.0119,87.7132,63.3647,-66.7918,-133.81,-144.823,175.937,729.297,272.713,1419.26,204.606,2867.32,145.035,4493.5,115.947,-11.16,-16.6072
248,24.6443,-52.3861,85.9078,65.7926,-64.4788,-134.94,-146.426,174.604,728.901,273.769,1419.14,205.429,2867.29,145.621,4493.49,116.417,-6.95292,-24.3487
249,28.3217,-50.493,84.0352,68.1691,-62.1468,-136.029,-148.017,173.257,728.504,274.825,1419.02,206.251,2867.26,146.208,4493.48,116.886,-2.27332,-30.591
250,31.8546,-48.3422,82.0969,70.4922,-59.7963,-137.079,-149.595,171.895,728.105,275.88,1418.9,207.074,2867.23,146.795,4493.46,117.355,2.50121,-35.7704
251,35.2249,-45.9447,80.0944,72.7603,-57.4282,-138.087,-151.161,170.519,727.705,276.935,1418.78,207.896,2867.2,147.381,4493.45,117.824,7.22838,-40.173
252,38.4154,-43.3126,78.0293,74.9715,-55.043,-139.055,-152.715,169.128,727.303,277.989,1418.66,208.719,2867.17,147.968,4493.44,118.294,11.8529,-43.9856
253,41.4098,-40.4596,75.9032,77.124,-52.6415,-139.982,-154.255,167.723,726.9,279.042,1418.54,209.541,2867.14,148.555,4493.43,118.763,16.3543,-47.3342
254,44.193,-37.4,73.7178,79.2163,-50.2244,-140.867,-155.783,166.304,726.495,280.095,1418.42,210.363,2867.11,149.141,4493.41,119.232,20.7272,-50.3074
255,46.7506,-34.1496,71.4747,81.2466,-47.7925,-141.71,-157.297,164.872,726.089,281.147,1418.29,211.186,2867.08,149.728,4493.4,119.702,24.9728,-52.97
256,49.0696,-30.725,69.1757,83.2134,-45.3464,-142.511,-158.799,163.425,725.681,282.199,1418.17,212.008,2867.05,150.315,4493.39,120.171,29.0954,-55.3703
257,51.1383,-27.1435,66.8227,85.1151,-42.8868,-143.271,-160.287,161.965,725.271,283.25,1418.05,212.83,2867.02,150.901,4493.38,120.64,33.1002,-57.5458
258,52.9459,-23.4235,64.4174,86.9503,-40.4146,-143.987,-161.762,160.491,724.86,284.3,1417.92,213.652,2866.99,151.488,4493.36,121.11,36.9929,-59.526
259,54.4834,-19.584,61.9618,88.7175,-37.9304,-144.662,-163.223,159.004,724.448,285.35,1417.8,214.474,2866.96,152.075,4493.35,121.579,40.7791,-61.3345
260,55.7429,-15.6445,59.4577,90.4154,-35.435,-145.293,-164.67,157.503,724.034,286.399,1417.67,215.296,2866.93,152.661,4493.34,122.048,44.4642,-62.9906
261,56.7179,-11.6252,56.9071,92.0426,-32.929,-145.881,-166.104,155.99,723.618,287.448,1417.55,216.117,2866.9,153.248,4493.33,122.518,48.0531,-64.5104
262,57.4035,-7.5466,54.3121,93.5978,-30.4133,-146.426,-167.524,154.463,723.201,288.496,1417.42,216.939,2866.86,153.834,4493.31,122.987,51.5505,-65.9072
263,57.7962,-3.42948,51.6746,95.0799,-27.8886,-146.928,-168.929,152.923,722.783,289.543,1417.3,217.761,2866.83,154.421,4493.3,123.456,54.9608,-67.1925
264,57.894,0.70514,48.9967,96.4876,-25.3556,-147.386,-170.321,151.37,722.363,290.59,1417.17,218.582,2866.8,155.008,4493.29,123.925,58.2878,-68.3758
265,57.6964,4.83616,46.2805,97.8199,-22.8152,-147.8,-171.698,149.805,721.941,291.636,1417.04,219.404,2866.77,155.594,4493.27,124.395,61.5351,-69.4657
266,57.2045,8.94251,43.5281,99.0757,-20.2679,-148.171,-173.061,148.227,721.518,292.682,1416.91,220.225,2866.74,156.181,4493.26,124.864,64.7061,-70.4693
267,56.4206,13.0032,40.7417,100.254,-17.7147,-148.498,-174.41,146.637,721.093,293.727,1416.79,221.046,2866.7,156.767,4493.25,125.333,67.8039,-71.3932
268,55.3489,16.9976,37.9235,101.354,-15.1562,-148.781,-175.743,145.035,720.667,294.771,1416.66,221.868,2866.67,157.354,4493.24,125.803,70.8313,-72.2429
269,53.9949,20.9053,35.0756,102.375,-12.5932,-149.02,-177.063,143.42,720.24,295.815,1416.53,222.689,2866.64,157.94,4493.22,126.272,73.791,-73.0235
270,52.3653,24.7063,32.2003,103.316,-10.0265,-149.214,-178.367,141.794,719.81,296.858,1416.4,223.51,2866.61,158.527,4493.21,126.741,76.6852,-73.7394
271,50.4687,28.3813,29.2999,104.176,-7.45681,-149.365,-179.656,140.155,719.38,297.901,1416.27,224.331,2866.58,159.113,4493.2,127.21,79.5164,-74.3946
272,48.3145,31.9115,26.3765,104.954,-4.88492,-149.471,-180.931,138.505,718.948,298.942,1416.14,225.152,2866.54,159.7,4493.18,127.68,82.2866,-74.9926
273,45.9139,35.2788,23.4325,105.651,-2.31157,-149.533,-182.19,136.843,718.514,299.984,1416,225.973,2866.51,160.287,4493.17,128.149,84.9976,-75.5368
274,43.2791,38.4663,20.4702,106.265,0.262454,-149.55,-183.434,135.17,718.079,301.024,1415.87,226.794,2866.48,160.873,4493.16,128.618,87.6514,-76.0301
275,40.4235,41.4575,17.4919,106.796,2.83641,-149.524,-184.662,133.485,717.642,302.064,1415.74,227.614,2866.44,161.46,4493.14,129.088,90.2496,-76.4751
276,37.3617,44.2372,14.4999,107.243,5.40952,-149.453,-185.875,131.79,717.204,303.104,1415.61,228.435,2866.41,162.046,4493.13,129.557,92.7938,-76.8743
277,34.1093,46.7913,11.4966,107.607,7.98103,-149.337,-187.073,130.083,716.764,304.142,1415.47,229.255,2866.38,162.633,4493.11,130.026,95.2854,-77.23
278,30.6829,49.1067,8.48433,107.886,10.5502,-149.178,-188.254,128.365,716.323,305.18,1415.34,230.076,2866.34,163.219,4493.1,130.495,97.7258,-77.5442
279,27.1,51.1716,5.46541,108.081,13.1162,-148.974,-189.421,126.637,715.88,306.218,1415.21,230.896,2866.31,163.806,4493.09,130.965,100.116,-77.8189
280,23.3789,52.9755,2.44223,108.192,15.6783,-148.727,-190.571,124.898,715.436,307.255,1415.07,231.717,2866.28,164.392,4493.07,131.434,102.458,-78.0557
281,19.5386,54.5092,-0.582868,108.218,18.2358,-148.435,-191.705,123.148,714.99,308.291,1414.94,232.537,2866.24,164.978,4493.06,131.903,104.753,-78.2563
282,15.5986,55.7649,-3.60751,108.159,20.7879,-148.099,-192.823,121.388,714.543,309.326,1414.8,233.357,2866.21,165.565,4493.05,132.373,107.001,-78.4222
283,11.579,56.7362,-6.62932,108.016,23.3339,-147.719,-193.925,119.618,714.094,310.361,1414.66,234.177,2866.17,166.151,4493.03,132.842,109.203,-78.5548
284,7.50041,57.4181,-9.64595,107.789,25.8729,-147.296,-195.011,117.838,713.644,311.395,1414.53,234.997,2866.14,166.738,4493.02,133.311,111.361,-78.6555
285,3.38354,57.8071,-12.655,107.477,28.4043,-146.829,-196.08,116.048,713.192,312.429,1414.39,235.817,2866.11,167.324,4493,133.78,113.476,-78.7254
286,-0.750582,57.9013,-15.6542,107.082,30.9272,-146.318,-197.133,114.249,712.739,313.462,1414.25,236.637,2866.07,167.911,4492.99,134.25,115.548,-78.7657
287,-4.88088,57.7002,-18.6412,106.602,33.441,-145.764,-198.17,112.44,712.285,314.494,1414.12,237.457,2866.04,168.497,4492.98,134.719,117.578,-78.7774
288,-8.98628,57.2048,-21.6136,106.039,35.9449,-145.167,-199.19,110.621,711.828,315.526,1413.98,238.277,2866,169.084,4492.96,135.188,119.567,-78.7616
289,-13.0458,56.4176,-24.5691,105.394,38.4382,-144.527,-200.193,108.793,711.371,316.557,1413.84,239.096,2865.97,169.67,4492.95,135.657,121.516,-78.7192
290,-17.0389,55.3428,-27.5054,104.666,40.9201,-143.844,-201.18,106.956,710.911,317.587,1413.7,239.916,2865.93,170.256,4492.93,136.127,123.425,-78.6511
291,-20.945,53.9856,-30.4202,103.856,43.3898,-143.119,-202.149,105.11,710.451,318.616,1413.56,240.735,2865.9,170.843,4492.92,136.596,125.295,-78.5582
292,-24.7443,52.3531,-33.3112,102.965,45.8467,-142.351,-203.102,103.256,709.989,319.645,1413.42,241.555,2865.86,171.429,4492.9,137.065,127.126,-78.4412
293,-28.4174,50.4536,-36.1761,101.993,48.29,-141.541,-204.038,101.392,709.525,320.674,1413.28,242.374,2865.83,172.016,4492.89,137.534,128.92,-78.3008
294,-31.9455,48.2968,-39.0128,100.942,50.719,-140.689,-204.956,99.5203,709.06,321.701,1413.14,243.193,2865.79,172.602,4492.88,138.004,130.676,-78.1379
295,-35.3108,45.8936,-41.819,99.8121,53.133,-139.796,-205.857,97.6401,708.593,322.728,1412.99,244.012,2865.76,173.188,4492.86,138.473,132.396,-77.953
296,-38.4959,43.2564,-44.5925,98.604,55.5313,-138.861,-206.742,95.7517,708.125,323.754,1412.85,244.831,2865.72,173.775,4492.85,138.942,134.08,-77.7468
297,-41.4847,40.3985,-47.3311,97.3188,57.9131,-137.884,-207.608,93.8553,707.655,324.78,1412.71,245.65,2865.69,174.361,4492.83,139.411,135.728,-77.5199
298,-44.2618,37.3346,-50.0328,95.9575,60.2778,-136.867,-208.458,91.9511,707.184,325.805,1412.57,246.469,2865.65,174.947,4492.82,139.881,137.341,-77.273
299,-46.8133,34.0803,-52.6953,94.5213,62.6246,-135.81,-209.29,90.0391,706.712,326.829,1412.42,247.288,2865.61,175.534,4492.8,140.35,138.919,-77.0064
300,-49.1259,30.6521,-55.3167,93.0111,64.9529,-134.712,-210.104,88.1196,706.238,327.852,1412.28,248.107,2865.58,176.12,4492.79,140.819,140.463,-76.7208
301,-51.188,27.0676,-57.8948,91.4282,67.2619,-133.575,-210.901,86.1927,705.762,328.875,1412.13,248.926,2865.54,176.706,4492.77,141.288,141.972,-76.4167
302,-52.9889,23.345,-60.4276,89.7739,69.551,-132.397,-211.68,84.2586,705.285,329.897,1411.99,249.744,2865.51,177.293,4492.76,141.758,143.448,-76.0945
303,-54.5196,19.5034,-62.9132,88.0494,71.8195,-131.181,-212.442,82.3174,704.807,330.919,1411.84,250.563,2865.47,177.879,4492.74,142.227,144.891,-75.7547
304,-55.7721,15.5622,-65.3496,86.256,74.0668,-129.926,-213.185,80.3694,704.327,331.939,1411.7,251.381,2865.43,178.465,4492.73,142.696,146.302,-75.3977
305,-56.7401,11.5417,-67.735,84.3953,76.2921,-128.632,-213.911,78.4146,703.845,332.959,1411.55,252.199,2865.4,179.052,4492.71,143.165,147.679,-75.0239
306,-57.4187,7.46229,-70.0674,82.4685,78.4948,-127.3,-214.619,76.4532,703.362,333.979,1411.4,253.018,2865.36,179.638,4492.7,143.635,149.025,-74.6338
307,-57.8044,3.34481,-72.345,80.4773,80.6743,-125.93,-215.309,74.4854,702.878,334.997,1411.26,253.836,2865.32,180.224,4492.68,144.104,150.338,-74.2278
308,-57.8952,-0.789736,-74.566,78.4232,82.8298,-124.524,-215.981,72.5114,702.392,336.015,1411.11,254.654,2865.29,180.81,4492.67,144.573,151.62,-73.8061
309,-57.6906,-4.92025,-76.7288,76.3078,84.9609,-123.08,-216.635,70.5313,701.905,337.032,1410.96,255.472,2865.25,181.397,4492.65,145.042,152.871,-73.3692
310,-57.1916,-9.02566,-78.8315,74.1327,87.0668,-121.6,-217.27,68.5453,701.416,338.049,1410.81,256.29,2865.21,181.983,4492.64,145.512,154.09,-72.9173
311,-56.4009,-13.085,-80.8727,71.8997,89.1469,-120.083,-217.888,66.5536,700.926,339.065,1410.66,257.107,2865.17,182.569,4492.62,145.981,155.279,-72.4509
312,-55.3224,-17.0776,-82.8506,69.6104,91.2006,-118.532,-218.487,64.5563,700.434,340.08,1410.51,257.925,2865.14,183.156,4492.61,146.45,156.437,-71.9702
313,-53.9616,-20.9831,-84.7637,67.2667,93.2273,-116.945,-219.068,62.5536,699.941,341.094,1410.36,258.743,2865.1,183.742,4492.59,146.919,157.565,-71.4756
314,-52.3255,-24.7815,-86.6106,64.8705,95.2263,-115.323,-219.63,60.5456,699.446,342.108,1410.21,259.56,2865.06,184.328,4492.58,147.388,158.663,-70.9672
315,-50.4224,-28.4534,-88.3898,62.4235,97.1972,-113.668,-220.174,58.5326,698.95,343.121,1410.06,260.378,2865.02,184.914,4492.56,147.858,159.731,-70.4455
316,-48.262,-31.9801,-90.0998,59.9277,99.1393,-111.978,-220.7,56.5146,698.452,344.133,1409.91,261.195,2864.98,185.5,4492.55,148.327,160.769,-69.9107
317,-45.8553,-35.3437,-91.7394,57.3851,101.052,-110.256,-221.207,54.492,697.953,345.144,1409.75,262.012,2864.95,186.087,4492.53,148.796,161.777,-69.363
318,-43.2146,-38.5269,-93.3073,54.7976,102.935,-108.501,-221.695,52.4647,697.452,346.155,1409.6,262.83,2864.91,186.673,4492.52,149.265,162.756,-68.8026
319,-40.3534,-41.5135,-94.8022,52.1672,104.787,-106.713,-222.165,50.4331,696.95,347.165,1409.45,263.647,2864.87,187.259,4492.5,149.734,163.706,-68.23
320,-37.2862,-44.2882,-96.223,49.4961,106.609,-104.895,-222.617,48.3972,696.447,348.175,1409.29,264.464,2864.83,187.845,4492.48,150.204,164.627,-67.6452
321,-34.0287,-46.8369,-97.5685,46.7862,108.398,-103.045,-223.05,46.3573,695.942,349.183,1409.14,265.281,2864.79,188.431,4492.47,150.673,165.519,-67.0485
322,-30.5976,-49.1465,-98.8377,44.0398,110.156,-101.164,-223.464,44.3135,695.436,350.191,1408.99,266.098,2864.75,189.018,4492.45,151.142,166.382,-66.4402
323,-27.0103,-51.2053,-100.03,41.259,111.881,-99.2537,-223.859,42.266,694.928,351.198,1408.83,266.914,2864.72,189.604,4492.44,151.611,167.216,-65.8204
324,-23.2851,-53.0028,-101.143,38.4458,113.573,-97.3139,-224.236,40.215,694.418,352.204,1408.68,267.731,2864.68,190.19,4492.42,152.081,168.022,-65.1894
325,-19.4411,-54.5298,-102.178,35.6027,115.231,-95.3453,-224.593,38.1606,693.908,353.21,1408.52,268.548,2864.64,190.776,4492.4,152.55,168.799,-64.5474
326,-15.4979,-55.7784,-103.133,32.7316,116.855,-93.3484,-224.932,36.1029,693.395,354.215,1408.36,269.364,2864.6,191.362,4492.39,153.019,169.548,-63.8945
327,-11.4755,-56.7423,-104.007,29.835,118.445,-91.3239,-225.252,34.0423,692.882,355.219,1408.21,270.18,2864.56,191.948,4492.37,153.488,170.269,-63.2309
328,-7.39462,-57.4166,-104.8,26.9151,119.999,-89.2724,-225.554,31.9788,692.367,356.223,1408.05,270.997,2864.52,192.534,4492.36,153.957,170.962,-62.557
329,-3.27596,-57.7978,-105.51,23.9741,121.518,-87.1944,-225.836,29.9126,691.85,357.225,1407.89,271.813,2864.48,193.12,4492.34,154.427,171.627,-61.8727
330,0.859429,-57.884,-106.139,21.0143,123.001,-85.0906,-226.099,27.844,691.332,358.227,1407.73,272.629,2864.44,193.707,4492.32,154.896,172.263,-61.1783
331,4.99043,-57.6747,-106.684,18.0381,124.448,-82.9616,-226.344,25.7729,690.812,359.228,1407.57,273.445,2864.4,194.293,4492.31,155.365,172.872,-60.4741
332,9.09596,-57.171,-107.146,15.0478,125.857,-80.808,-226.569,23.6998,690.291,360.229,1407.41,274.261,2864.36,194.879,4492.29,155.834,173.453,-59.76
333,13.1551,-56.3755,-107.524,12.0458,127.23,-78.6305,-226.776,21.6246,689.769,361.228,1407.25,275.077,2864.32,195.465,4492.28,156.303,174.006,-59.0364
334,17.147,-55.2922,-107.818,9.03428,128.564,-76.4297,-226.963,19.5476,689.245,362.227,1407.09,275.893,2864.28,196.051,4492.26,156.773,174.531,-58.3034
335,21.0514,-53.9267,-108.027,6.01574,129.861,-74.2063,-227.132,17.469,688.72,363.225,1406.93,276.708,2864.24,196.637,4492.24,157.242,175.028,-57.561
336,24.8484,-52.2859,-108.152,2.99248,131.119,-71.9609,-227.281,15.389,688.193,364.223,1406.77,277.524,2864.2,197.223,4492.23,157.711,175.498,-56.8096
337,28.5185,-50.3782,-108.193,-0.0331094,132.339,-69.6942,-227.412,13.3076,687.665,365.219,1406.61,278.339,2864.16,197.809,4492.21,158.18,175.94,-56.0492
338,32.0431,-48.2134,-108.149,-3.05868,133.519,-67.4069,-227.523,11.2251,687.135,366.215,1406.45,279.155,2864.12,198.395,4492.19,158.649,176.354,-55.2799
339,35.4041,-45.8024,-108.02,-6.08185,134.66,-65.0996,-227.615,9.14171,686.604,367.21,1406.28,279.97,2864.08,198.981,4492.18,159.118,176.741,-54.502
340,38.5844,-43.1577,-107.807,-9.10026,135.76,-62.773,-227.688,7.05752,686.072,368.205,1406.12,280.785,2864.04,199.567,4492.16,159.588,177.1,-53.7156
341,41.5677,-40.2927,-107.509,-12.1116,136.821,-60.4279,-227.742,4.97275,685.538,369.198,1405.96,281.6,2864,200.153,4492.14,160.057,177.431,-52.9207
342,44.3389,-37.222,-107.128,-15.1134,137.841,-58.0648,-227.777,2.88756,685.002,370.191,1405.79,282.415,2863.95,200.739,4492.13,160.526,177.734,-52.1176
343,46.8838,-33.9613,-106.662,-18.1034,138.821,-55.6846,-227.793,0.802128,684.466,371.183,1405.63,283.23,2863.91,201.325,4492.11,160.995,178.01,-51.3064
344,49.1893,-30.5272,-106.113,-21.0792,139.759,-53.2878,-227.79,-1.28337,683.927,372.174,1405.46,284.045,2863.87,201.911,4492.09,161.464,178.258,-50.4872
345,51.2438,-26.9374,-105.481,-24.0385,140.656,-50.8753,-227.768,-3.36876,683.388,373.164,1405.3,284.86,2863.83,202.497,4492.08,161.933,178.479,-49.6601
346,53.0368,-23.2101,-104.767,-26.9791,141.511,-48.4478,-227.727,-5.45387,682.846,374.154,1405.13,285.674,2863.79,203.083,4492.06,162.403,178.671,-48.8253
347,54.5591,-19.3643,-103.97,-29.8985,142.324,-46.0059,-227.666,-7.53852,682.304,375.143,1404.96,286.489,2863.75,203.669,4492.04,162.872,178.836,-47.9828
348,55.8029,-15.4197,-103.093,-32.7945,143.095,-43.5503,-227.587,-9.62254,681.76,376.131,1404.8,287.303,2863.7,204.255,4492.02,163.341,178.973,-47.1329
349,56.7619,-11.3964,-102.134,-35.6649,143.824,-41.0819,-227.488,-11.7057,681.215,377.118,1404.63,288.118,2863.66,204.841,4492.01,163.81,179.082,-46.2756
350,57.4313,-7.3149,-101.096,-38.5074,144.51,-38.6013,-227.37,-13.788,680.668,378.105,1404.46,288.932,2863.62,205.427,4491.99,164.279,179.162,-45.411
351,57.8076,-3.1961,-99.9782,-41.3197,145.154,-36.1093,-227.234,-15.8691,680.119,379.09,1404.29,289.746,2863.58,206.013,4491.97,164.748,179.215,-44.5393
352,57.8889,0.939011,-98.7825,-44.0997,145.754,-33.6066,-227.078,-17.9488,679.57,380.075,1404.13,290.56,2863.54,206.599,4491.96,165.218,179.24,-43.6606
353,57.6748,5.06933,-97.5095,-46.8452,146.312,-31.0939,-226.903,-20.027,679.019,381.059,1403.96,291.374,2863.49,207.185,4491.94,165.687,179.236,-42.7751
354,57.1665,9.17378,-96.1602,-49.554,146.826,-28.572,-226.709,-22.1036,678.466,382.043,1403.79,292.188,2863.45,207.771,4491.92,166.156,179.203,-41.8827
355,56.3664,13.2314,-94.7356,-52.2241,147.296,-26.0417,-226.496,-24.1783,677.912,383.025,1403.62,293.002,2863.41,208.357,4491.9,166.625,179.143,-40.9837
356,55.2787,17.2216,-93.2369,-54.8533,147.723,-23.5037,-226.264,-26.251,677.357,384.007,1403.44,293.815,2863.37,208.942,4491.89,167.094,179.053,-40.0781
357,53.909,21.1238,-91.6652,-57.4395,148.107,-20.9587,-226.014,-28.3215,676.8,384.988,1403.27,294.629,2863.32,209.528,4491.87,167.563,178.935,-39.1661
358,52.2643,24.9183,-90.0218,-59.9808,148.446,-18.4075,-225.744,-30.3896,676.242,385.968,1403.1,295.442,2863.28,210.114,4491.85,168.033,178.789,-38.2478
359,50.3529,28.5857,-88.3079,-62.4752,148.741,-15.8508,-225.455,-32.4551,675.682,386.947,1402.93,296.256,2863.24,210.7,4491.83,168.502,178.613,-37.3233
360,48.1847,32.1073,-86.5249,-64.9206,148.993,-13.2895,-225.148,-34.5179,675.121,387.925,1402.76,297.069,2863.19,211.286,4491.82,168.971,178.408,-36.3927
361,45.7706,35.465,-84.6742,-67.3153,149.2,-10.7242,-224.821,-36.5779,674.558,388.903,1402.58,297.882,2863.15,211.872,4491.8,169.44,178.174,-35.4561
362,43.1231,38.6418,-82.7572,-69.6572,149.363,-8.15574,-224.476,-38.6348,673.994,389.88,1402.41,298.695,2863.11,212.458,4491.78,169.909,177.91,-34.5137
363,40.2556,41.6216,-80.7755,-71.9447,149.482,-5.58487,-224.112,-40.6884,673.429,390.856,1402.24,299.508,2863.06,213.043,4491.76,170.378,177.617,-33.5655
364,37.1827,44.389,-78.7305,-74.1758,149.557,-3.01234,-223.729,-42.7386,672.862,391.831,1402.06,300.321,2863.02,213.629,4491.74,170.847,177.293,-32.6117
365,33.9202,46.93,-76.6239,-76.3489,149.588,-0.438924,-223.327,-44.7852,672.294,392.805,1401.89,301.134,2862.98,214.215,4491.73,171.317,176.94,-31.6524
366,30.4847,49.2316,-74.4573,-78.4622,149.574,2.13463,-222.907,-46.8281,671.725,393.779,1401.71,301.946,2862.93,214.801,4491.71,171.786,176.557,-30.6876
367,26.8937,51.2822,-72.2324,-80.5141,149.516,4.70754,-222.468,-48.8671,671.154,394.752,1401.53,302.759,2862.89,215.387,4491.69,172.255,176.143,-29.7176
368,23.1656,53.0712,-69.951,-82.5029,149.413,7.27907,-222.01,-50.9019,670.581,395.724,1401.36,303.571,2862.84,215.972,4491.67,172.724,175.699,-28.7424
369,19.3193,54.5895,-67.6148,-84.4272,149.267,9.84844,-221.533,-52.9325,670.007,396.695,1401.18,304.384,2862.8,216.558,4491.65,173.193,175.224,-27.7622
370,15.3744,55.8294,-65.2257,-86.2854,149.076,12.4149,-221.039,-54.9587,669.432,397.665,1401,305.196,2862.75,217.144,4491.64,173.662,174.718,-26.777
371,11.3512,56.7846,-62.7856,-88.076,148.841,14.9777,-220.525,-56.9802,668.856,398.634,1400.83,306.008,2862.71,217.73,4491.62,174.131,174.18,-25.787
372,7.27009,57.4502,-60.2962,-89.7977,148.562,17.536,-219.993,-58.997,668.278,399.603,1400.65,306.82,2862.66,218.315,4491.6,174.6,173.611,-24.7924
373,3.1519,57.8228,-57.7597,-91.4491,148.24,20.0892,-219.443,-61.0088,667.698,400.57,1400.47,307.632,2862.62,218.901,4491.58,175.07,173.01,-23.7932
374,-0.982369,57.9006,-55.178,-93.0289,147.873,22.6364,-218.874,-63.0155,667.118,401.537,1400.29,308.444,2862.57,219.487,4491.56,175.539,172.377,-22.7895
375,-5.11162,57.6831,-52.553,-94.5358,147.462,25.177,-218.287,-65.0169,666.535,402.503,1400.11,309.256,2862.53,220.073,4491.54,176.008,171.711,-21.7816
376,-9.21481,57.1714,-49.8869,-95.9688,147.008,27.71,-217.681,-67.0129,665.952,403.468,1399.93,310.067,2862.48,220.658,4491.53,176.477,171.013,-20.7695
377,-13.271,56.3682,-47.1818,-97.3266,146.511,30.2349,-217.058,-69.0033,665.367,404.433,1399.75,310.879,2862.44,221.244,4491.51,176.946,170.281,-19.7533
378,-17.2595,55.2776,-44.4397,-98.6082,145.97,32.7509,-216.416,-70.9878,664.78,405.396,1399.57,311.69,2862.39,221.83,4491.49,177.415,169.516,-18.7333
379,-21.16,53.905,-41.6628,-99.8126,145.386,35.2571,-215.756,-72.9664,664.193,406.359,1399.39,312.502,2862.35,222.415,4491.47,177.884,168.717,-17.7096
380,-24.9526,52.2576,-38.8533,-100.939,144.759,37.7529,-215.077,-74.9389,663.603,407.321,1399.2,313.313,2862.3,223.001,4491.45,178.353,167.883,-16.6822
381,-28.618,50.3437,-36.0134,-101.986,144.089,40.2376,-214.381,-76.9051,663.013,408.282,1399.02,314.124,2862.26,223.587,4491.43,178.822,167.016,-15.6514
382,-32.1374,48.1731,-33.1452,-102.953,143.376,42.7103,-213.667,-78.8649,662.421,409.242,1398.84,314.935,2862.21,224.172,4491.41,179.292,166.113,-14.6173
383,-35.4929,45.7568,-30.2512,-103.84,142.621,45.1704,-212.935,-80.818,661.827,410.201,1398.65,315.746,2862.16,224.758,4491.4,179.761,165.174,-13.5801
384,-38.6674,43.1072,-27.3334,-104.646,141.824,47.6171,-212.185,-82.7644,661.233,411.159,1398.47,316.557,2862.12,225.344,4491.38,180.23,164.2,-12.54
385,-41.6448,40.2377,-24.3942,-105.369,140.984,50.0498,-211.417,-84.7038,660.637,412.117,1398.29,317.367,2862.07,225.929,4491.36,180.699,163.189,-11.497
386,-44.4097,37.1631,-21.4359,-106.01,140.103,52.4676,-210.632,-86.6361,660.039,413.073,1398.1,318.178,2862.03,226.515,4491.34,181.168,162.141,-10.4514
387,-46.9482,33.8989,-18.4609,-106.568,139.181,54.87,-209.829,-88.5612,659.44,414.029,1397.92,318.988,2861.98,227.1,4491.32,181.637,161.056,-9.40348
388,-49.2472,30.4618,-15.4714,-107.043,138.218,57.256,-209.008,-90.4788,658.84,414.984,1397.73,319.799,2861.93,227.686,4491.3,182.106,159.933,-8.35329
389,-51.2951,26.8694,-12.4697,-107.433,137.213,59.6252,-208.17,-92.3888,658.238,415.938,1397.54,320.609,2861.89,228.272,4491.28,182.575,158.771,-7.30108
390,-53.0814,23.14,-9.45833,-107.74,136.168,61.9767,-207.314,-94.2911,657.635,416.891,1397.36,321.419,2861.84,228.857,4491.26,183.044,157.57,-6.24708
391,-54.5969,19.2925,-6.43952,-107.962,135.083,64.3099,-206.441,-96.1855,657.031,417.843,1397.17,322.229,2861.79,229.443,4491.24,183.513,156.329,-5.19149
392,-55.8339,15.3466,-3.41567,-108.1,133.958,66.624,-205.55,-98.0718,656.425,418.795,1396.98,323.039,2861.74,230.028,4491.22,183.982,155.048,-4.13456
393,-56.7862,11.3224,-0.389146,-108.153,132.793,68.9185,-204.643,-99.9499,655.818,419.745,1396.79,323.849,2861.7,230.614,4491.21,184.452,153.726,-3.07652
394,-57.4488,7.24053,2.63769,-108.121,131.589,71.1925,-203.718,-101.82,655.209,420.695,1396.6,324.659,2861.65,231.199,4491.19,184.921,152.361,-2.01765
395,-57.8183,3.12169,5.66245,-108.005,130.345,73.4455,-202.776,-103.681,654.599,421.644,1396.42,325.468,2861.6,231.785,4491.17,185.39,150.954,-0.958217
396,-57.8929,-1.01308,8.68279,-107.804,129.064,75.6768,-201.817,-105.533,653.988,422.591,1396.23,326.278,2861.56,232.37,4491.15,185.859,149.504,0.101495
397,-57.6722,-5.14268,11.6963,-107.519,127.744,77.8857,-200.841,-107.377,653.375,423.538,1396.04,327.087,2861.51,232.956,4491.13,186.328,148.009,1.16118
398,-57.1572,-9.24604,14.7007,-107.149,126.386,80.0716,-199.849,-109.211,652.761,424.484,1395.84,327.896,2861.46,233.541,4491.11,186.797,146.469,2.22051
399,-56.3506,-13.3022,17.6936,-106.696,124.991,82.2337,-198.839,-111.037,652.146,425.43,1395.65,328.706,2861.41,234.127,4491.09,187.266,144.883,3.27914
400,-55.2566,-17.2905,20.6726,-106.159,123.559,84.3716,-197.813,-112.853,651.529,426.374,1395.46,329.515,2861.36,234.712,4491.07,187.735,143.25,4.3367
401,-53.8806,-21.1906,23.6354,-105.539,122.091,86.4844,-196.77,-114.66,650.911,427.317,1395.27,330.324,2861.32,235.298,4491.05,188.204,141.568,5.3928
402,-52.2296,-24.9826,26.5797,-104.836,120.586,88.5718,-195.711,-116.457,650.291,428.26,1395.08,331.132,2861.27,235.883,4491.03,188.673,139.837,6.44702
403,-50.3122,-28.6471,29.5032,-104.051,119.046,90.6329,-194.635,-118.244,649.671,429.201,1394.88,331.941,2861.22,236.469,4491.01,189.142,138.056,7.49891
404,-48.138,-32.1654,32.4036,-103.185,117.47,92.6672,-193.543,-120.021,649.048,430.142,1394.69,332.75,2861.17,237.054,4490.99,189.611,136.223,8.54799
405,-45.7181,-35.5196,35.2787,-102.238,115.86,94.6741,-192.435,-121.789,648.425,431.082,1394.5,333.558,2861.12,237.64,4490.97,190.08,134.337,9.59374
406,-43.065,-38.6925,38.1261,-101.21,114.216,96.653,-191.311,-123.546,647.8,432.021,1394.3,334.367,2861.07,238.225,4490.95,190.549,132.396,10.6356
407,-40.192,-41.6679,40.9436,-100.104,112.537,98.6033,-190.17,-125.293,647.173,432.959,1394.11,335.175,2861.02,238.81,4490.93,191.018,130.399,11.6729
408,-37.114,-44.4307,43.7291,-98.9192,110.826,100.524,-189.014,-127.029,646.546,433.896,1393.91,335.983,2860.97,239.396,4490.91,191.487,128.345,12.7051
409,-33.8465,-46.9667,46.4804,-97.6569,109.081,102.416,-187.842,-128.754,645.917,434.832,1393.72,336.791,2860.93,239.981,4490.89,191.957,126.231,13.7315
410,-30.4062,-49.2629,49.1952,-96.3181,107.305,104.277,-186.654,-130.469,645.286,435.767,1393.52,337.599,2860.88,240.567,4490.87,192.426,124.057,14.7511
411,-26.8107,-51.3078,51.8716,-94.9039,105.496,106.107,-185.45,-132.173,644.655,436.702,1393.32,338.407,2860.83,241.152,4490.85,192.895,121.819,15.7633
412,-23.0784,-53.0907,54.5073,-93.4154,103.657,107.906,-184.231,-133.866,644.021,437.635,1393.13,339.215,2860.78,241.737,4490.83,193.364,119.516,16.7671
413,-19.2283,-54.6026,57.1003,-91.8537,101.787,109.673,-182.996,-135.547,643.387,438.568,1392.93,340.022,2860.73,242.323,4490.81,193.833,117.146,17.7614
414,-15.28,-55.8358,59.6486,-90.2201,99.8864,111.408,-181.746,-137.217,642.751,439.499,1392.73,340.83,2860.68,242.908,4490.79,194.302,114.706,18.7451
415,-11.2537,-56.7839,62.1503,-88.5159,97.9566,113.109,-180.481,-138.876,642.114,440.43,1392.53,341.637,2860.63,243.493,4490.77,194.771,112.194,19.7169
416,-7.16999,-57.4422,64.6032,-86.7424,95.9978,114.778,-179.201,-140.523,641.476,441.36,1392.33,342.444,2860.58,244.079,4490.75,195.24,109.606,20.6756
417,-3.04965,-57.8072,67.0056,-84.9009,94.0106,116.412,-177.905,-142.158,640.836,442.288,1392.13,343.252,2860.53,244.664,4490.73,195.709,106.94,21.6194
418,1.08626,-57.8771,69.3555,-82.9929,91.9956,118.012,-176.595,-143.781,640.195,443.216,1391.93,344.059,2860.48,245.249,4490.71,196.178,104.193,22.5468
419,5.21663,-57.6515,71.6511,-81.02,89.9534,119.577,-175.27,-145.392,639.552,444.143,1391.73,344.866,2860.43,245.835,4490.69,196.647,101.36,23.4557
420,9.32036,-57.1316,73.8906,-78.9836,87.8847,121.106,-173.93,-146.991,638.908,445.069,1391.53,345.672,2860.38,246.42,4490.67,197.116,98.4383,24.3439
421,13.3765,-56.32,76.0723,-76.8854,85.7899,122.6,-172.576,-148.578,638.263,445.994,1391.33,346.479,2860.33,247.005,4490.65,197.585,95.4229,25.209
422,17.3644,-55.2209,78.1944,-74.727,83.6698,124.057,-171.207,-150.152,637.616,446.919,1391.13,347.286,2860.27,247.59,4490.62,198.054,92.309,26.048
423,21.2636,-53.8399,80.2552,-72.5101,81.5249,125.478,-169.823,-151.714,636.969,447.842,1390.93,348.092,2860.22,248.176,4490.6,198.523,89.0915,26.8578
424,25.0543,-52.1839,82.2533,-70.2364,79.3559,126.862,-168.426,-153.263,636.319,448.764,1390.72,348.898,2860.17,248.761,4490.58,198.992,85.7644,27.6345
425,28.717,-50.2616,84.1869,-67.9077,77.1635,128.208,-167.014,-154.799,635.669,449.685,1390.52,349.705,2860.12,249.346,4490.56,199.461,82.321,28.3737
426,32.2331,-48.0827,86.0546,-65.5259,74.9483,129.516,-165.589,-156.322,635.017,450.606,1390.32,350.511,2860.07,249.931,4490.54,199.93,78.7541,29.0703
427,35.5847,-45.6582,87.855,-63.0927,72.7109,130.786,-164.149,-157.832,634.364,451.525,1390.11,351.317,2860.02,250.517,4490.52,200.399,75.0551,29.7181
428,38.7546,-43.0007,89.5866,-60.6102,70.452,132.018,-162.696,-159.328,633.709,452.444,1389.91,352.123,2859.97,251.102,4490.5,200.868,71.2147,30.3098
429,41.7267,-40.1237,91.2481,-58.0802,68.1722,133.21,-161.229,-160.811,633.053,453.361,1389.7,352.928,2859.92,251.687,4490.48,201.337,67.222,30.8365
430,44.4857,-37.0418,92.8381,-55.5047,65.8723,134.363,-159.748,-162.281,632.396,454.278,1389.5,353.734,2859.86,252.272,4490.46,201.806,63.0645,31.2875
431,47.0177,-33.7708,94.3554,-52.8858,63.553,135.476,-158.254,-163.737,631.737,455.194,1389.29,354.539,2859.81,252.857,4490.44,202.275,58.7277,31.6494
432,49.3096,-30.3274,95.7989,-50.2255,61.2149,136.549,-156.747,-165.18,631.078,456.108,1389.08,355.345,2859.76,253.442,4490.41,202.744,54.1947,31.9053
433,51.3499,-26.7292,97.1674,-47.5259,58.8586,137.582,-155.227,-166.608,630.416,457.022,1388.88,356.15,2859.71,254.028,4490.39,203.213,49.4456,32.0336
434,53.128,-22.9946,98.4599,-44.789,56.485,138.574,-153.693,-168.023,629.754,457.935,1388.67,356.955,2859.66,254.613,4490.37,203.682,44.4565,32.0059
435,54.6349,-19.1426,99.6752,-42.0171,54.0946,139.525,-152.147,-169.424,629.09,458.847,1388.46,357.76,2859.6,255.198,4490.35,204.151,39.1989,31.7841
436,55.863,-15.1929,100.813,-39.2123,51.6883,140.435,-150.588,-170.81,628.425,459.757,1388.25,358.565,2859.55,255.783,4490.33,204.62,33.6386,31.3154
437,56.806,-11.1656,101.871,-36.3769,49.2667,141.304,-149.016,-172.182,627.758,460.667,1388.04,359.37,2859.5,256.368,4490.31,205.089,27.7345,30.5242
438,57.459,-7.08138,102.85,-33.5129,46.8306,142.13,-147.432,-173.539,627.091,461.576,1387.83,360.175,2859.45,256.953,4490.29,205.558,21.4382,29.2966
439,57.8188,-2.961,103.748,-30.6227,44.3805,142.915,-145.835,-174.882,626.422,462.484,1387.62,360.979,2859.39,257.538,4490.26,206.027,14.699,27.4526
440,57.8835,1.1745,104.565,-27.7086,41.9174,143.657,-144.227,-176.211,625.751,463.391,1387.41,361.784,2859.34,258.123,4490.24,206.496,7.48413,24.6893
441,57.6529,5.304,105.3,-24.7727,39.4419,144.357,-142.606,-177.524,625.079,464.297,1387.2,362.588,2859.29,258.708,4490.22,206.965,-0.132541,20.4663
442,57.128,9.40644,105.953,-21.8175,36.9547,145.014,-140.973,-178.823,624.406,465.202,1386.99,363.392,2859.24,259.293,4490.2,207.434,-7.61683,13.8507
443,56.3117,13.4609,106.523,-18.8452,34.4566,145.628,-139.328,-180.106,623.732,466.106,1386.78,364.196,2859.18,259.878,4490.18,207.903,-13.0236,4.01592
444,55.208,17.4466,107.009,-15.8582,31.9484,146.2,-137.672,-181.375,623.056,467.009,1386.57,365,2859.13,260.463,4490.16,208.372,-13.8289,-7.22232
445,53.8226,21.3434,107.412,-12.8587,29.4306,146.728,-136.004,-182.628,622.379,467.911,1386.36,365.804,2859.07,261.048,4490.13,208.841,-11.046,-16.8947
446,52.1627,25.1312,107.731,-9.84918,26.9042,147.213,-134.324,-183.866,621.701,468.812,1386.14,366.608,2859.02,261.633,4490.11,209.31,-6.81412,-24.5776
447,50.2366,28.7909,107.965,-6.83195,24.3699,147.654,-132.634,-185.088,621.022,469.713,1385.93,367.411,2858.97,262.218,4490.09,209.779,-2.12878,-30.7791
448,48.0543,32.3037,108.115,-3.80937,21.8283,148.051,-130.932,-186.295,620.341,470.612,1385.71,368.215,2858.91,262.803,4490.07,210.248,2.64472,-35.9295
449,45.6268,35.6517,108.181,-0.783807,19.2803,148.405,-129.219,-187.487,619.658,471.51,1385.5,369.018,2858.86,263.388,4490.05,210.717,7.36837,-40.3108
450,42.9666,38.8178,108.161,2.24237,16.7265,148.715,-127.496,-188.662,618.975,472.407,1385.29,369.821,2858.81,263.973,4490.02,211.186,11.9885,-44.1069
451,40.0873,41.7859,108.057,5.26679,14.1679,148.981,-125.761,-189.822,618.29,473.303,1385.07,370.624,2858.75,264.558,4490,211.655,16.4853,-47.4424
452,37.0034,44.541,107.869,8.2871,11.605,149.203,-124.017,-190.966,617.604,474.198,1384.85,371.427,2858.7,265.143,4489.98,212.124,20.8538,-50.4049
453,33.7309,47.0688,107.596,11.3009,9.03876,149.381,-122.261,-192.094,616.917,475.093,1384.64,372.23,2858.64,265.728,4489.96,212.593,25.0951,-53.0586
454,30.2863,49.3566,107.239,14.3059,6.46982,149.514,-120.496,-193.205,616.228,475.986,1384.42,373.033,2858.59,266.313,4489.94,213.061,29.2136,-55.4513
455,26.6873,51.3927,106.798,17.2997,3.89896,149.604,-118.72,-194.301,615.538,476.878,1384.2,373.835,2858.53,266.898,4489.91,213.53,33.2146,-57.6203
456,22.9522,53.1667,106.274,20.28,1.32696,149.649,-116.935,-195.38,614.847,477.769,1383.99,374.638,2858.48,267.483,4489.89,213.999,37.1037,-59.5948
457,19.1,54.6696,105.666,23.2444,-1.24544,149.65,-115.139,-196.443,614.154,478.659,1383.77,375.44,2858.42,268.068,4489.87,214.468,40.8865,-61.3982
458,15.1505,55.8937,104.976,26.1906,-3.81746,149.607,-113.334,-197.489,613.461,479.549,1383.55,376.242,2858.37,268.653,4489.85,214.937,44.5684,-63.0498
459,11.1237,56.8328,104.204,29.1163,-6.38836,149.519,-111.519,-198.519,612.765,480.437,1383.33,377.044,2858.31,269.237,4489.82,215.406,48.1543,-64.5656
460,7.04019,57.4822,103.35,32.0193,-8.95736,149.388,-109.696,-199.532,612.069,481.324,1383.11,377.846,2858.26,269.822,4489.8,215.875,51.6489,-65.9587
461,2.92078,57.8384,102.415,34.8972,-11.5237,149.212,-107.862,-200.528,611.371,482.21,1382.89,378.648,2858.2,270.407,4489.78,216.344,55.0564,-67.2405
462,-1.21352,57.8998,101.4,37.7478,-14.0867,148.992,-106.02,-201.507,610.672,483.095,1382.67,379.45,2858.15,270.992,4489.76,216.813,58.3808,-68.4208
463,-5.34164,57.6659,100.306,40.5689,-16.6454,148.728,-104.169,-202.47,609.972,483.979,1382.45,380.251,2858.09,271.577,4489.73,217.282,61.6257,-69.5078
464,-9.44251,57.138,99.1337,43.3583,-19.1993,148.42,-102.309,-203.416,609.271,484.862,1382.23,381.053,2858.04,272.162,4489.71,217.751,64.7944,-70.5088
465,-13.4952,56.3188,97.8836,46.1138,-21.7475,148.068,-100.441,-204.344,608.568,485.745,1382,381.854,2857.98,272.746,4489.69,218.22,67.89,-71.4302
466,-17.4792,55.2125,96.557,48.8332,-24.2892,147.673,-98.564,-205.255,607.864,486.626,1381.78,382.655,2857.92,273.331,4489.66,218.689,70.9153,-72.2776
467,-21.374,53.8247,95.1549,51.5144,-26.8238,147.234,-96.6788,-206.149,607.158,487.506,1381.56,383.456,2857.87,273.916,4489.64,219.158,73.8729,-73.0559
468,-25.1598,52.1625,93.6784,54.1554,-29.3505,146.751,-94.7856,-207.026,606.452,488.385,1381.34,384.257,2857.81,274.501,4489.62,219.626,76.7652,-73.7697
469,-28.8174,50.2343,92.1286,56.754,-31.8684,146.225,-92.8844,-207.886,605.744,489.263,1381.11,385.058,2857.75,275.085,4489.6,220.095,79.5945,-74.4229
470,-32.328,48.05,90.5068,59.3082,-34.377,145.656,-90.9754,-208.728,605.035,490.14,1380.89,385.859,2857.7,275.67,4489.57,220.564,82.3629,-75.0191
471,-35.6738,45.6207,88.8143,61.8161,-36.8754,145.043,-89.0587,-209.552,604.324,491.016,1380.66,386.659,2857.64,276.255,4489.55,221.033,85.0722,-75.5615
472,-38.8377,42.9588,87.0523,64.2756,-39.3628,144.388,-87.1346,-210.359,603.613,491.891,1380.44,387.46,2857.59,276.84,4489.53,221.502,87.7243,-76.0531
473,-41.8036,40.0779,85.2222,66.6848,-41.8387,143.69,-85.2032,-211.148,602.9,492.764,1380.21,388.26,2857.53,277.424,4489.5,221.971,90.3208,-76.4965
474,-44.5564,36.9927,83.3255,69.042,-44.3022,142.95,-83.2646,-211.92,602.185,493.637,1379.99,389.06,2857.47,278.009,4489.48,222.44,92.8634,-76.8942
475,-47.0819,33.7188,81.3637,71.3451,-46.7526,142.168,-81.319,-212.673,601.47,494.509,1379.76,389.86,2857.41,278.594,4489.46,222.909,95.3535,-77.2483
476,-49.3674,30.273,79.3383,73.5925,-49.1891,141.343,-79.3667,-213.409,600.753,495.38,1379.53,390.66,2857.36,279.178,4489.43,223.378,97.7924,-77.5611
477,-51.4012,26.6728,77.2508,75.7824,-51.6111,140.477,-77.4076,-214.127,600.035,496.25,1379.3,391.46,2857.3,279.763,4489.41,223.847,100.182,-77.8343
478,-53.1728,22.9366,75.103,77.913,-54.0179,139.569,-75.442,-214.827,599.316,497.118,1379.08,392.259,2857.24,280.348,4489.39,224.316,102.522,-78.0698
479,-54.6733,19.0835,72.8964,79.9827,-56.4087,138.62,-73.4702,-215.509,598.595,497.986,1378.85,393.059,2857.18,280.932,4489.36,224.784,104.815,-78.2691
480,-55.8949,15.133,70.6329,81.9899,-58.7828,137.629,-71.4921,-216.173,597.873,498.853,1378.62,393.858,2857.13,281.517,4489.34,225.253,107.062,-78.4338
481,-56.8315,11.1053,68.3141,83.933,-61.1396,136.599,-69.508,-216.819,597.15,499.718,1378.39,394.658,2857.07,282.101,4489.32,225.722,109.263,-78.5652
482,-57.4782,7.02105,65.942,85.8106,-63.4783,135.528,-67.5182,-217.446,596.426,500.583,1378.16,395.457,2857.01,282.686,4489.29,226.191,111.42,-78.6646
483,-57.8318,2.90095,63.5183,87.621,-65.7982,134.416,-65.5226,-218.056,595.7,501.446,1377.93,396.256,2856.95,283.271,4489.27,226.66,113.533,-78.7333
484,-57.8904,-1.23395,61.045,89.3629,-68.0987,133.265,-63.5215,-218.647,594.974,502.309,1377.7,397.054,2856.89,283.855,4489.24,227.129,115.604,-78.7725
485,-57.6537,-5.36254,58.524,91.0351,-70.379,132.075,-61.5152,-219.219,594.246,503.17,1377.47,397.853,2856.84,284.44,4489.22,227.598,117.633,-78.7831
486,-57.1228,-9.46378,55.9572,92.636,-72.6385,130.846,-59.5036,-219.773,593.516,504.03,1377.23,398.652,2856.78,285.024,4489.2,228.067,119.621,-78.7662
487,-56.3006,-13.5167,53.3468,94.1646,-74.8766,129.578,-57.4871,-220.309,592.786,504.889,1377,399.45,2856.72,285.609,4489.17,228.535,121.568,-78.7228
488,-55.1911,-17.5007,50.6946,95.6196,-77.0925,128.271,-55.4657,-220.826,592.054,505.748,1376.77,400.248,2856.66,286.193,4489.15,229.004,123.476,-78.6537
489,-53.8001,-21.3955,48.0028,96.9999,-79.2857,126.927,-53.4396,-221.325,591.321,506.605,1376.54,401.047,2856.6,286.778,4489.13,229.473,125.345,-78.5597
490,-52.1345,-25.181,45.2735,98.3043,-81.4554,125.545,-51.4091,-221.805,590.587,507.461,1376.3,401.845,2856.54,287.362,4489.1,229.942,127.175,-78.4417
491,-50.2029,-28.838,42.5088,99.532,-83.601,124.126,-49.3743,-222.267,589.851,508.316,1376.07,402.643,2856.48,287.947,4489.08,230.411,128.968,-78.3004
492,-48.0151,-32.3479,39.7109,100.682,-85.7219,122.671,-47.3353,-222.71,589.114,509.17,1375.83,403.44,2856.43,288.531,4489.05,230.88,130.723,-78.1365
493,-45.5823,-35.6927,36.882,101.753,-87.8175,121.179,-45.2924,-223.134,588.376,510.023,1375.6,404.238,2856.37,289.116,4489.03,231.349,132.442,-77.9507
494,-42.9169,-38.8554,34.0242,102.745,-89.8871,119.651,-43.2456,-223.539,587.637,510.874,1375.36,405.035,2856.31,289.7,4489,231.817,134.125,-77.7436
495,-40.0324,-41.8197,31.1399,103.656,-91.9301,118.088,-41.1952,-223.926,586.897,511.725,1375.13,405.833,2856.25,290.285,4488.98,232.286,135.772,-77.5158
496,-36.9436,-44.5706,28.2312,104.487,-93.946,116.491,-39.1414,-224.294,586.155,512.575,1374.89,406.63,2856.19,290.869,4488.96,232.755,137.383,-77.2679
497,-33.6662,-47.094,25.3005,105.235,-95.9341,114.858,-37.0843,-224.643,585.412,513.423,1374.65,407.427,2856.13,291.453,4488.93,233.224,138.96,-77.0005
498,-30.217,-49.377,22.35,105.902,-97.8938,113.192,-35.024,-224.973,584.668,514.271,1374.42,408.224,2856.07,292.038,4488.91,233.693,140.503,-76.714
499,-26.6136,-51.408,19.3821,106.486,-99.8246,111.492,-32.9608,-225.285,583.923,515.117,1374.18,409.021,2856.01,292.622,4488.88,234.162,142.012,-76.409
500,-22.8742,-53.1765,16.399,106.986,-101.726,109.759,-30.8949,-225.577,583.176,515.963,1373.94,409.817,2855.95,293.207,4488.86,234.631,143.487,-76.086
501,-19.0181,-54.6735,13.4031,107.403,-103.597,107.994,-28.8263,-225.85,582.428,516.807,1373.7,410.614,2855.89,293.791,4488.83,235.099,144.929,-75.7453
502,-15.0649,-55.8914,10.3967,107.736,-105.438,106.197,-26.7554,-226.105,581.679,517.65,1373.46,411.41,2855.83,294.375,4488.81,235.568,146.338,-75.3875
503,-11.0348,-56.8239,7.38225,107.985,-107.247,104.369,-24.6821,-226.34,580.929,518.492,1373.22,412.207,2855.77,294.96,4488.78,236.037,147.715,-75.013
504,-6.94829,-57.4663,4.362,108.15,-109.025,102.509,-22.6069,-226.557,580.178,519.333,1372.98,413.003,2855.71,295.544,4488.76,236.506,149.06,-74.6221
505,-2.82635,-57.8153,1.33834,108.23,-110.77,100.62,-20.5297,-226.755,579.425,520.173,1372.74,413.799,2855.65,296.128,4488.73,236.975,150.372,-74.2152
506,1.31003,-57.8691,-1.68636,108.226,-112.483,98.7005,-18.4508,-226.933,578.671,521.012,1372.5,414.595,2855.58,296.713,4488.71,237.443,151.653,-73.7927
507,5.43972,-57.6274,-4.70975,108.137,-114.163,96.752,-16.3703,-227.092,577.916,521.85,1372.26,415.39,2855.52,297.297,4488.68,237.912,152.903,-73.355
508,9.54164,-57.0914,-7.72945,107.963,-115.808,94.7748,-14.2885,-227.233,577.159,522.686,1372.02,416.186,2855.46,297.881,4488.66,238.381,154.122,-72.9024
509,13.5948,-56.2639,-10.7431,107.705,-117.42,92.7697,-12.2055,-227.354,576.402,523.522,1371.78,416.981,2855.4,298.466,4488.63,238.85,155.309,-72.4353
510,17.5786,-55.1491,-13.7484,107.363,-118.997,90.7371,-10.1214,-227.456,575.643,524.356,1371.53,417.777,2855.34,299.05,4488.61,239.319,156.467,-71.9538
511,21.4726,-53.7527,-16.7429,106.938,-120.538,88.6777,-8.03649,-227.539,574.883,525.189,1371.29,418.572,2855.28,299.634,4488.58,239.788,157.594,-71.4584
512,25.257,-52.0818,-19.7244,106.428,-122.044,86.5921,-5.95091,-227.604,574.122,526.022,1371.05,419.367,2855.22,300.218,4488.56,240.256,158.69,-70.9493
513,28.9124,-50.1449,-22.6904,105.836,-123.514,84.4809,-3.86482,-227.648,573.36,526.853,1370.8,420.162,2855.16,300.802,4488.53,240.725,159.757,-70.4269
514,32.4201,-47.952,-25.6387,105.161,-124.947,82.3447,-1.77841,-227.674,572.596,527.683,1370.56,420.956,2855.09,301.387,4488.51,241.194,160.794,-69.8913
515,35.7623,-45.5142,-28.567,104.403,-126.344,80.1841,0.308144,-227.681,571.831,528.512,1370.31,421.751,2855.03,301.971,4488.48,241.663,161.802,-69.3429
516,38.9219,-42.844,-31.473,103.564,-127.703,77.9999,2.39468,-227.669,571.065,529.339,1370.07,422.545,2854.97,302.555,4488.46,242.132,162.78,-68.7819
517,41.8828,-39.9551,-34.3543,102.645,-129.024,75.7926,4.48101,-227.637,570.298,530.166,1369.82,423.34,2854.91,303.139,4488.43,242.6,163.729,-68.2085
518,44.6298,-36.8621,-37.2089,101.645,-130.307,73.5629,6.56697,-227.586,569.53,530.992,1369.57,424.134,2854.85,303.723,4488.41,243.069,164.649,-67.6231
519,47.1489,-33.5809,-40.0343,100.565,-131.552,71.3114,8.65237,-227.517,568.76,531.816,1369.33,424.928,2854.78,304.307,4488.38,243.538,165.54,-67.0257
520,49.4273,-30.1283,-42.8285,99.4072,-132.758,69.0388,10.7371,-227.428,567.989,532.64,1369.08,425.722,2854.72,304.892,4488.36,244.007,166.402,-66.4167
521,51.4533,-26.5218,-45.5893,98.1717,-133.924,66.7459,12.8208,-227.32,567.218,533.462,1368.83,426.515,2854.66,305.476,4488.33,244.475,167.236,-65.7962
522,53.2167,-22.7799,-48.3144,96.8594,-135.051,64.4332,14.9035,-227.193,566.444,534.283,1368.58,427.309,2854.6,306.06,4488.31,244.944,168.041,-65.1645
523,54.7083,-18.9217,-51.0018,95.4715,-136.138,62.1014,16.985,-227.047,565.67,535.103,1368.33,428.102,2854.53,306.644,4488.28,245.413,168.817,-64.5218
524,55.9207,-14.9669,-53.6493,94.0089,-137.185,59.7513,19.065,-226.882,564.895,535.922,1368.08,428.896,2854.47,307.228,4488.25,245.882,169.565,-63.8683
525,56.8476,-10.9358,-56.2549,92.473,-138.191,57.3835,21.1435,-226.697,564.118,536.739,1367.83,429.689,2854.41,307.812,4488.23,246.351,170.285,-63.2041
526,57.4844,-6.84874,-58.8166,90.8648,-139.156,54.9988,23.2201,-226.494,563.34,537.556,1367.58,430.482,2854.34,308.396,4488.2,246.819,170.977,-62.5294
527,57.8277,-2.72677,-61.3323,89.1856,-140.08,52.5977,25.2948,-226.272,562.561,538.372,1367.33,431.275,2854.28,308.98,4488.18,247.288,171.641,-61.8445
528,57.8758,1.40912,-63.8002,87.4368,-140.963,50.1812,27.3674,-226.031,561.781,539.186,1367.08,432.067,2854.22,309.564,4488.15,247.757,172.276,-61.1495
529,57.6286,5.53782,-66.2181,85.6196,-141.804,47.7498,29.4377,-225.771,560.999,539.999,1366.83,432.86,2854.15,310.148,4488.13,248.226,172.884,-60.4446
530,57.0873,9.63826,-68.5844,83.7356,-142.603,45.3042,31.5055,-225.491,560.217,540.811,1366.58,433.652,2854.09,310.732,4488.1,248.694,173.464,-59.7299
531,56.2546,13.6895,-70.897,81.7861,-143.36,42.8453,33.5707,-225.193,559.433,541.622,1366.32,434.445,2854.03,311.316,4488.07,249.163,174.016,-59.0057
532,55.1349,17.6709,-73.1543,79.7728,-144.074,40.3737,35.6331,-224.876,558.648,542.432,1366.07,435.237,2853.96,311.9,4488.05,249.632,174.541,-58.272
533,53.7339,21.5621,-75.3544,77.6971,-144.746,37.8902,37.6924,-224.54,557.862,543.241,1365.82,436.029,2853.9,312.484,4488.02,250.101,175.037,-57.529
534,52.0587,25.3434,-77.4956,75.5607,-145.375,35.3954,39.7486,-224.186,557.075,544.048,1365.56,436.821,2853.83,313.068,4487.99,250.569,175.506,-56.777
535,50.1179,28.9953,-79.5763,73.3653,-145.961,32.8902,41.8015,-223.812,556.286,544.855,1365.31,437.612,2853.77,313.652,4487.97,251.038,175.947,-56.0159
536,47.9214,32.4993,-81.5949,71.1125,-146.504,30.3753,43.8509,-223.42,555.496,545.66,1365.05,438.404,2853.7,314.236,4487.94,251.507,176.36,-55.2461
537,45.4804,35.8375,-83.5496,68.8043,-147.003,27.8514,45.8965,-223.009,554.706,546.464,1364.8,439.195,2853.64,314.82,4487.92,251.976,176.746,-54.4676
538,42.8075,38.9929,-85.4391,66.4422,-147.459,25.3192,47.9384,-222.579,553.914,547.267,1364.54,439.986,2853.58,315.404,4487.89,252.444,177.104,-53.6805
539,39.9162,41.9494,-87.2618,64.0282,-147.872,22.7796,49.9762,-222.131,553.121,548.069,1364.29,440.778,2853.51,315.988,4487.86,252.913,177.435,-52.8851
540,36.8213,44.692,-89.0164,61.5642,-148.24,20.2332,52.0098,-221.663,552.326,548.869,1364.03,441.568,2853.45,316.571,4487.84,253.382,177.737,-52.0814
541,33.5387,47.2066,-90.7014,59.0521,-148.565,17.6808,54.039,-221.178,551.531,549.669,1363.77,442.359,2853.38,317.155,4487.81,253.851,178.012,-51.2696
542,30.085,49.4805,-92.3155,56.4939,-148.846,15.1232,56.0637,-220.673,550.734,550.467,1363.52,443.15,2853.32,317.739,4487.78,254.319,178.259,-50.4497
543,26.4778,51.502,-93.8574,53.8915,-149.083,12.5611,58.0837,-220.151,549.937,551.264,1363.26,443.94,2853.25,318.323,4487.76,254.788,178.479,-49.6221
544,22.7357,53.261,-95.3261,51.247,-149.276,9.99535,60.0989,-219.609,549.138,552.06,1363,444.731,2853.19,318.907,4487.73,255.257,178.671,-48.7866
545,18.8776,54.7483,-96.7202,48.5625,-149.424,7.42661,62.109,-219.05,548.338,552.855,1362.74,445.521,2853.12,319.491,4487.7,255.725,178.834,-47.9436
546,14.9233,55.9565,-98.0388,45.84,-149.529,4.85567,64.1138,-218.471,547.536,553.649,1362.48,446.311,2853.05,320.074,4487.68,256.194,178.97,-47.0931
547,10.8929,56.8794,-99.2807,43.0817,-149.589,2.2833,66.1133,-217.875,546.734,554.442,1362.22,447.101,2852.99,320.658,4487.65,256.663,179.078,-46.2352
548,6.8069,57.5123,-100.445,40.2897,-149.605,-0.289747,68.1073,-217.26,545.931,555.233,1361.96,447.891,2852.92,321.242,4487.62,257.132,179.158,-45.3701
549,2.68624,57.852,-101.531,37.4662,-149.576,-2.86271,70.0955,-216.627,545.126,556.023,1361.7,448.68,2852.86,321.826,4487.6,257.6,179.21,-44.4979
550,-1.44811,57.8967,-102.537,34.6134,-149.504,-5.43482,72.0779,-215.976,544.32,556.812,1361.44,449.47,2852.79,322.409,4487.57,258.069,179.233,-43.6187
551,-5.57508,57.6463,-103.464,31.7336,-149.387,-8.00532,74.0542,-215.307,543.513,557.6,1361.18,450.259,2852.72,322.993,4487.54,258.538,179.228,-42.7325
552,-9.67362,57.102,-104.309,28.829,-149.226,-10.5735,76.0242,-214.619,542.705,558.387,1360.91,451.048,2852.66,323.577,4487.51,259.006,179.195,-41.8396
553,-13.7229,56.2666,-105.073,25.9019,-149.02,-13.1385,77.9879,-213.914,541.896,559.173,1360.65,451.837,2852.59,324.161,4487.49,259.475,179.134,-40.9401
554,-17.7021,55.1444,-105.755,22.9545,-148.771,-15.6996,79.9451,-213.191,541.086,559.957,1360.39,452.626,2852.52,324.744,4487.46,259.944,179.043,-40.034
555,-21.5912,53.7411,-106.354,19.9891,-148.478,-18.256,81.8956,-212.449,540.274,560.74,1360.12,453.415,2852.46,325.328,4487.43,260.412,178.924,-39.1215
556,-25.3701,52.0639,-106.87,17.0082,-148.14,-20.8071,83.8391,-211.69,539.462,561.522,1359.86,454.203,2852.39,325.912,4487.41,260.881,178.777,-38.2027
557,-29.0198,50.1212,-107.303,14.0139,-147.759,-23.352,85.7757,-210.914,538.648,562.303,1359.6,454.992,2852.32,326.495,4487.38,261.35,178.6,-37.2776
558,-32.5215,47.9231,-107.651,11.0087,-147.334,-25.89,87.705,-210.119,537.833,563.083,1359.33,455.78,2852.26,327.079,4487.35,261.819,178.394,-36.3465
559,-35.8574,45.4806,-107.916,7.9949,-146.866,-28.4203,89.627,-209.307,537.017,563.861,1359.07,456.568,2852.19,327.662,4487.32,262.287,178.159,-35.4095
560,-39.0105,42.8063,-108.096,4.97483,-146.354,-30.9422,91.5414,-208.477,536.2,564.638,1358.8,457.356,2852.12,328.246,4487.3,262.756,177.894,-34.4665
561,-41.9648,39.9138,-108.191,1.95087,-145.798,-33.455,93.4482,-207.63,535.382,565.415,1358.53,458.144,2852.06,328.83,4487.27,263.225,177.6,-33.5179
562,-44.7051,36.8178,-108.202,-1.07461,-145.2,-35.9579,95.3472,-206.765,534.562,566.19,1358.27,458.932,2851.99,329.413,4487.24,263.693,177.275,-32.5636
563,-47.2175,33.5341,-108.128,-4.09926,-144.559,-38.4501,97.2381,-205.883,533.742,566.963,1358,459.719,2851.92,329.997,4487.21,264.162,176.921,-31.6038
564,-49.4892,30.0794,-107.97,-7.12069,-143.874,-40.9309,99.1209,-204.984,532.92,567.736,1357.73,460.506,2851.85,330.58,4487.19,264.631,176.537,-30.6386
565,-51.5086,26.4714,-107.727,-10.1366,-143.148,-43.3996,100.995,-204.067,532.097,568.507,1357.46,461.294,2851.78,331.164,4487.16,265.099,176.122,-29.6681
566,-53.2654,22.7284,-107.401,-13.1445,-142.378,-45.8555,102.861,-203.134,531.273,569.277,1357.19,462.081,2851.72,331.747,4487.13,265.568,175.677,-28.6924
567,-54.7505,18.8696,-106.99,-16.1422,-141.567,-48.2977,104.719,-202.183,530.448,570.046,1356.93,462.867,2851.65,332.331,4487.1,266.037,175.201,-27.7118
568,-55.9565,14.9145,-106.495,-19.1272,-140.714,-50.7257,106.567,-201.215,529.622,570.814,1356.66,463.654,2851.58,332.914,4487.07,266.505,174.694,-26.7261
569,-56.8772,10.8834,-105.917,-22.0973,-139.819,-53.1387,108.407,-200.231,528.795,571.581,1356.39,464.441,2851.51,333.498,4487.05,266.974,174.155,-25.7357
570,-57.5078,6.79674,-105.257,-25.0501,-138.883,-55.5359,110.237,-199.229,527.967,572.346,1356.11,465.227,2851.44,334.081,4487.02,267.442,173.585,-24.7407
571,-57.8452,2.67545,-104.514,-27.9833,-137.905,-57.9167,112.059,-198.211,527.138,573.11,1355.84,466.013,2851.38,334.665,4486.99,267.911,172.982,-23.741
572,-57.8875,-1.45949,-103.689,-30.8946,-136.887,-60.2804,113.87,-197.177,526.307,573.873,1355.57,466.799,2851.31,335.248,4486.96,268.38,172.348,-22.737
573,-57.6346,-5.58698,-102.783,-33.7818,-135.828,-62.6262,115.673,-196.125,525.475,574.635,1355.3,467.585,2851.24,335.832,4486.93,268.848,171.681,-21.7287
574,-57.0877,-9.68597,-101.797,-36.6425,-134.729,-64.9534,117.465,-195.058,524.643,575.396,1355.03,468.371,2851.17,336.415,4486.91,269.317,170.982,-20.7162
575,-56.2496,-13.7356,-100.731,-39.4745,-133.59,-67.2614,119.248,-193.974,523.809,576.155,1354.76,469.157,2851.1,336.998,4486.88,269.786,170.249,-19.6997
576,-55.1245,-17.7151,-99.5862,-42.2757,-132.412,-69.5495,121.021,-192.873,522.974,576.913,1354.48,469.942,2851.03,337.582,4486.85,270.254,169.482,-18.6793
577,-53.7182,-21.6042,-98.3636,-45.0438,-131.194,-71.8171,122.783,-191.757,522.138,577.67,1354.21,470.727,2850.96,338.165,4486.82,270.723,168.682,-17.6552
578,-52.0379,-25.3831,-97.0641,-47.7767,-129.938,-74.0633,124.536,-190.624,521.301,578.426,1353.93,471.513,2850.89,338.748,4486.79,271.192,167.848,-16.6274
579,-50.0921,-29.0325,-95.6886,-50.4722,-128.643,-76.2876,126.278,-189.475,520.463,579.18,1353.66,472.297,2850.82,339.332,4486.76,271.66,166.978,-15.5963
580,-47.8906,-32.5338,-94.2382,-53.1282,-127.31,-78.4893,128.009,-188.311,519.623,579.934,1353.38,473.082,2850.75,339.915,4486.74,272.129,166.074,-14.5619
581,-45.4448,-35.869,-92.7141,-55.7426,-125.939,-80.6678,129.729,-187.13,518.783,580.686,1353.11,473.867,2850.68,340.498,4486.71,272.597,165.135,-13.5243
582,-42.767,-39.0212,-91.1175,-58.3134,-124.531,-82.8224,131.439,-185.934,517.941,581.437,1352.83,474.651,2850.61,341.082,4486.68,273.066,164.159,-12.4839
583,-39.871,-41.9743,-89.4495,-60.8386,-123.086,-84.9524,133.137,-184.723,517.099,582.186,1352.56,475.436,2850.54,341.665,4486.65,273.535,163.147,-11.4406
584,-36.7715,-44.7131,-87.7116,-63.3162,-121.605,-87.0573,134.825,-183.496,516.255,582.935,1352.28,476.22,2850.47,342.248,4486.62,274.003,162.098,-10.3948
585,-33.4843,-47.2237,-85.905,-65.7442,-120.087,-89.1364,136.501,-182.253,515.411,583.682,1352,477.004,2850.4,342.831,4486.59,274.472,161.011,-9.34651
586,-30.0262,-49.4932,-84.0312,-68.1208,-118.534,-91.1891,138.166,-180.995,514.565,584.428,1351.72,477.788,2850.33,343.415,4486.56,274.94,159.886,-8.29605
587,-26.4148,-51.5101,-82.0916,-70.444,-116.946,-93.2148,139.819,-179.722,513.718,585.173,1351.45,478.572,2850.26,343.998,4486.54,275.409,158.723,-7.24358
588,-22.6686,-53.264,-80.0878,-72.7122,-115.323,-95.2129,141.46,-178.434,512.87,585.916,1351.17,479.355,2850.19,344.581,4486.51,275.878,157.521,-6.18933
589,-18.8066,-54.746,-78.0213,-74.9234,-113.667,-97.1827,143.089,-177.131,512.021,586.658,1350.89,480.138,2850.12,345.164,4486.48,276.346,156.279,-5.13351
590,-14.8486,-55.9485,-75.8938,-77.076,-111.976,-99.1238,144.707,-175.813,511.171,587.399,1350.61,480.922,2850.05,345.747,4486.45,276.815,154.996,-4.07636
591,-10.8148,-56.8653,-73.7068,-79.1682,-110.252,-101.036,146.312,-174.48,510.32,588.139,1350.33,481.705,2849.98,346.331,4486.42,277.283,153.672,-3.01812
592,-6.7258,-57.4918,-71.4621,-81.1985,-108.496,-102.917,147.905,-173.133,509.467,588.878,1350.05,482.488,2849.91,346.914,4486.39,277.752,152.306,-1.95906
593,-2.60244,-57.8247,-69.1615,-83.1652,-106.707,-104.769,149.486,-171.771,508.614,589.615,1349.77,483.27,2849.84,347.497,4486.36,278.22,150.898,-0.899456
594,1.53422,-57.8623,-66.8068,-85.0668,-104.887,-106.589,151.054,-170.395,507.76,590.351,1349.49,484.053,2849.76,348.08,4486.33,278.689,149.446,0.160413
595,5.66304,-57.6044,-64.3997,-86.9018,-103.036,-108.378,152.609,-169.004,506.904,591.086,1349.2,484.835,2849.69,348.663,4486.3,279.158,147.949,1.22023
596,9.76294,-57.0524,-61.9423,-88.6688,-101.154,-110.134,154.152,-167.599,506.048,591.82,1348.92,485.618,2849.62,349.246,4486.27,279.626,146.407,2.27968
597,13.813,-56.2091,-59.4363,-90.3664,-99.2424,-111.858,155.681,-166.18,505.19,592.552,1348.64,486.4,2849.55,349.829,4486.24,280.095,144.82,3.33841
598,17.7925,-55.0787,-56.8838,-91.9932,-97.3012,-113.549,157.198,-164.748,504.331,593.283,1348.36,487.182,2849.48,350.412,4486.22,280.563,143.184,4.39605
599,21.6811,-53.667,-54.2868,-93.548,-95.3313,-115.206,158.701,-163.301,503.472,594.013,1348.07,487.963,2849.41,350.995,4486.19,281.032,141.501,5.45221
600,25.4591,-51.9812,-51.6473,-95.0295,-93.3331,-116.829,160.191,-161.841,502.611,594.742,1347.79,488.745,2849.33,351.578,4486.16,281.5,139.768,6.50646
601,29.107,-50.03,-48.9673,-96.4367,-91.3072,-118.417,161.668,-160.367,501.749,595.469,1347.5,489.526,2849.26,352.161,4486.13,281.969,137.985,7.55836
602,32.6062,-47.8232,-46.249,-97.7683,-89.2542,-119.971,163.131,-158.879,500.886,596.196,1347.22,490.308,2849.19,352.744,4486.1,282.438,136.15,8.60742
603,35.939,-45.3723,-43.4945,-99.0234,-87.1749,-121.489,164.58,-157.379,500.022,596.921,1346.93,491.089,2849.12,353.327,4486.07,282.906,134.262,9.65312
604,39.0882,-42.6896,-40.7059,-100.201,-85.0697,-122.97,166.016,-155.865,499.157,597.644,1346.65,491.87,2849.04,353.91,4486.04,283.375,132.319,10.6949
605,42.0378,-39.7889,-37.8854,-101.3,-82.9392,-124.416,167.438,-154.338,498.291,598.367,1346.36,492.65,2848.97,354.493,4486.01,283.843,130.32,11.7321
606,44.7727,-36.6851,-35.0353,-102.32,-80.7842,-125.824,168.845,-152.798,497.424,599.088,1346.07,493.431,2848.9,355.076,4485.98,284.312,128.264,12.7642
607,47.279,-33.3939,-32.1578,-103.259,-78.6053,-127.195,170.239,-151.245,496.556,599.808,1345.79,494.211,2848.83,355.659,4485.95,284.78,126.148,13.7903
608,49.5438,-29.9321,-29.255,-104.118,-76.403,-128.529,171.618,-149.68,495.687,600.526,1345.5,494.992,2848.75,356.242,4485.92,285.249,123.971,14.8098
609,51.5557,-26.3176,-26.3294,-104.895,-74.1782,-129.824,172.983,-148.102,494.817,601.244,1345.21,495.772,2848.68,356.825,4485.89,285.717,121.731,15.8217
610,53.3044,-22.5686,-23.3831,-105.59,-71.9313,-131.081,174.333,-146.511,493.946,601.96,1344.92,496.552,2848.61,357.408,4485.86,286.186,119.425,16.8251
611,54.7809,-18.7045,-20.4185,-106.203,-69.6631,-132.299,175.669,-144.908,493.073,602.675,1344.63,497.332,2848.53,357.991,4485.83,286.654,117.053,17.8191
612,55.9777,-14.7448,-17.4379,-106.732,-67.3743,-133.478,176.989,-143.293,492.2,603.388,1344.34,498.111,2848.46,358.574,4485.8,287.123,114.61,18.8023
613,56.8887,-10.7099,-14.4437,-107.177,-65.0655,-134.617,178.295,-141.667,491.326,604.101,1344.05,498.891,2848.39,359.157,4485.77,287.591,112.095,19.7737
614,57.5093,-6.62023,-11.4381,-107.539,-62.7374,-135.716,179.587,-140.028,490.451,604.812,1343.76,499.67,2848.31,359.739,4485.74,288.06,109.505,20.7318
615,57.8363,-2.49681,-8.42362,-107.816,-60.3907,-136.776,180.863,-138.377,489.574,605.521,1343.47,500.449,2848.24,360.322,4485.71,288.528,106.836,21.675
616,57.8681,1.63936,-5.40251,-108.009,-58.0261,-137.794,182.123,-136.715,488.697,606.23,1343.18,501.228,2848.16,360.905,4485.68,288.997,104.085,22.6017
617,57.6045,5.76716,-2.37717,-108.118,-55.6443,-138.772,183.369,-135.041,487.818,606.937,1342.89,502.007,2848.09,361.488,4485.65,289.465,101.249,23.5098
618,57.047,9.86553,0.650027,-108.141,-53.246,-139.709,184.599,-133.357,486.939,607.643,1342.59,502.785,2848.02,362.07,4485.62,289.934,98.3239,24.3971
619,56.1983,13.9135,3.67672,-108.08,-50.8319,-140.604,185.814,-131.66,486.058,608.348,1342.3,503.564,2847.94,362.653,4485.59,290.402,95.3048,25.2611
620,55.0628,17.8906,6.70053,-107.935,-48.4028,-141.457,187.013,-129.953,485.177,609.051,1342.01,504.342,2847.87,363.236,4485.56,290.871,92.1872,26.099
621,53.6463,21.7763,9.71909,-107.704,-45.9593,-142.269,188.196,-128.235,484.294,609.753,1341.72,505.12,2847.79,363.819,4485.53,291.339,88.9658,26.9075
622,51.9561,25.5509,12.73,-107.39,-43.5021,-143.038,189.364,-126.506,483.411,610.454,1341.42,505.898,2847.72,364.401,4485.5,291.808,85.6345,27.6827
623,50.0008,29.1952,15.731,-106.991,-41.0321,-143.765,190.516,-124.767,482.526,611.154,1341.13,506.676,2847.64,364.984,4485.47,292.276,82.1867,28.4202
624,47.7904,32.6905,18.7197,-106.509,-38.5499,-144.45,191.652,-123.017,481.641,611.852,1340.83,507.453,2847.57,365.567,4485.44,292.745,78.6151,29.1149
625,45.3362,36.019,21.6937,-105.943,-36.0563,-145.091,192.771,-121.257,480.754,612.549,1340.54,508.231,2847.49,366.149,4485.4,293.213,74.9111,29.7604
626,42.6507,39.1638,24.6507,-105.294,-33.552,-145.69,193.875,-119.486,479.867,613.245,1340.24,509.008,2847.42,366.732,4485.37,293.682,71.0654,30.3496
627,39.7477,42.1088,27.5884,-104.562,-31.0378,-146.245,194.962,-117.706,478.978,613.939,1339.94,509.785,2847.34,367.315,4485.34,294.15,67.0669,30.8734
628,36.6419,44.8391,30.5044,-103.749,-28.5143,-146.757,196.033,-115.916,478.088,614.633,1339.65,510.562,2847.27,367.897,4485.31,294.619,62.9032,31.321
629,33.3493,47.3406,33.3966,-102.854,-25.9824,-147.226,197.088,-114.115,477.198,615.324,1339.35,511.339,2847.19,368.48,4485.28,295.087,58.5596,31.6789
630,29.8866,49.6008,36.2626,-101.879,-23.4428,-147.65,198.126,-112.306,476.306,616.015,1339.05,512.115,2847.12,369.062,4485.25,295.556,54.0193,31.9301
631,26.2715,51.608,39.1003,-100.824,-20.8962,-148.031,199.147,-110.487,475.414,616.704,1338.75,512.892,2847.04,369.645,4485.22,296.024,49.262,32.0527
632,22.5224,53.352,41.9073,-99.69,-18.3434,-148.369,200.151,-108.659,474.52,617.392,1338.45,513.668,2846.96,370.228,4485.19,296.493,44.2639,32.018
633,18.6585,54.824,44.6814,-98.4779,-15.7852,-148.662,201.139,-106.821,473.626,618.079,1338.16,514.444,2846.89,370.81,4485.16,296.961,38.9964,31.7876
634,14.6995,56.0165,47.4206,-97.1886,-13.2224,-148.911,202.11,-104.975,472.73,618.764,1337.86,515.22,2846.81,371.393,4485.13,297.43,33.4249,31.308
635,10.6655,56.9234,50.1226,-95.8233,-10.6555,-149.116,203.064,-103.12,471.833,619.448,1337.56,515.995,2846.74,371.975,4485.1,297.898,27.508,30.5025
636,6.57713,57.5401,52.7853,-94.3828,-8.08558,-149.277,204.001,-101.256,470.936,620.131,1337.26,516.771,2846.66,372.558,4485.06,298.366,21.1975,29.2555
637,2.45524,57.8634,55.4067,-92.8684,-5.51321,-149.393,204.921,-99.3834,470.037,620.813,1336.95,517.546,2846.58,373.14,4485.03,298.835,14.4427,27.3839
638,-1.67917,57.8918,57.9847,-91.2813,-2.93921,-149.465,205.824,-97.5027,469.138,621.493,1336.65,518.321,2846.51,373.723,4485,299.303,7.21278,24.579
639,-5.80501,57.625,60.5173,-89.6227,-0.364329,-149.493,206.709,-95.6139,468.237,622.172,1336.35,519.096,2846.43,374.305,4484.97,299.772,-0.410797,20.2895
640,-9.90126,57.0645,63.0025,-87.8939,2.21066,-149.476,207.577,-93.717,467.336,622.849,1336.05,519.871,2846.35,374.887,4484.94,300.24,-7.86398,13.5703
641,-13.947,56.2131,65.4383,-86.0962,4.78499,-149.416,208.428,-91.8123,466.433,623.526,1335.75,520.646,2846.28,375.47,4484.91,300.709,-13.1418,3.63776
642,-17.9217,55.0752,67.8228,-84.2311,7.3579,-149.31,209.261,-89.8999,465.53,624.201,1335.44,521.42,2846.2,376.052,4484.88,301.177,-13.7885,-7.58049
643,-21.8051,53.6566,70.1543,-82.2999,9.92863,-149.161,210.077,-87.9799,464.625,624.874,1335.14,522.195,2846.12,376.635,4484.84,301.645,-10.931,-17.1804
644,-25.5773,51.9645,72.4308,-80.3044,12.4964,-148.967,210.875,-86.0526,463.72,625.547,1334.84,522.969,2846.04,377.217,4484.81,302.114,-6.67547,-24.8054
645,-29.2191,50.0075,74.6505,-78.2459,15.0605,-148.729,211.656,-84.118,462.814,626.218,1334.53,523.743,2845.97,377.799,4484.78,302.582,-1.9848,-30.9665
646,-32.712,47.7956,76.8118,-76.1261,17.6201,-148.447,212.418,-82.1764,461.906,626.887,1334.23,524.516,2845.89,378.382,4484.75,303.051,2.78748,-36.0883
647,-36.0381,45.3401,78.9129,-73.9467,20.1745,-148.122,213.163,-80.2279,460.998,627.556,1333.92,525.29,2845.81,378.964,4484.72,303.519,7.50753,-40.4483
648,-39.1806,42.6535,80.9522,-71.7094,22.7229,-147.752,213.89,-78.2727,460.089,628.223,1333.61,526.063,2845.73,379.546,4484.69,303.987,12.1232,-44.2281
649,-42.1233,39.7494,82.9281,-69.4159,25.2646,-147.338,214.599,-76.3109,459.178,628.889,1333.31,526.837,2845.66,380.129,4484.65,304.456,16.6155,-47.5506
650,-44.8513,36.6428,84.8391,-67.0681,27.7988,-146.88,215.29,-74.3427,458.267,629.553,1333,527.61,2845.58,380.711,4484.62,304.924,20.9794,-50.5026
651,-47.3507,33.3494,86.6836,-64.6677,30.3247,-146.379,215.963,-72.3683,457.355,630.216,1332.69,528.383,2845.5,381.293,4484.59,305.393,25.2165,-53.1474
652,-49.6087,29.8859,88.4602,-62.2167,32.8417,-145.835,216.618,-70.3878,456.442,630.878,1332.39,529.155,2845.42,381.875,4484.56,305.861,29.3309,-55.5327
653,-51.6138,26.2701,90.1675,-59.7169,35.3489,-145.247,217.254,-68.4013,455.528,631.538,1332.08,529.928,2845.34,382.457,4484.53,306.329,33.328,-57.6952
654,-53.3558,22.5204,91.8042,-57.1704,37.8456,-144.617,217.873,-66.4092,454.613,632.198,1331.77,530.7,2845.26,383.04,4484.49,306.798,37.2135,-59.664
655,-54.8257,18.6559,93.3691,-54.5791,40.3311,-143.943,218.473,-64.4115,453.697,632.855,1331.46,531.472,2845.19,383.622,4484.46,307.266,40.993,-61.4625
656,-56.0161,14.6962,94.8608,-51.9451,42.8046,-143.227,219.055,-62.4084,452.78,633.512,1331.15,532.244,2845.11,384.204,4484.43,307.735,44.6717,-63.1096
657,-56.921,10.6617,96.2782,-49.2703,45.2655,-142.468,219.619,-60.4,451.862,634.167,1330.84,533.016,2845.03,384.786,4484.4,308.203,48.2546,-64.6213
658,-57.5355,6.57272,97.6202,-46.557,47.7129,-141.667,220.164,-58.3866,450.943,634.821,1330.53,533.788,2844.95,385.368,4484.36,308.671,51.7463,-66.0108
659,-57.8567,2.45027,98.8858,-43.8073,50.1462,-140.824,220.69,-56.3683,450.023,635.473,1330.22,534.559,2844.87,385.95,4484.33,309.14,55.1512,-67.2893
660,-57.8828,-1.68468,100.074,-41.0232,52.5646,-139.939,221.199,-54.3453,449.103,636.125,1329.91,535.331,2844.79,386.533,4484.3,309.608,58.4731,-68.4665
661,-57.6137,-5.81104,101.184,-38.207,54.9674,-139.013,221.688,-52.3177,448.181,636.775,1329.6,536.102,2844.71,387.115,4484.27,310.076,61.7155,-69.5507
662,-57.0508,-9.90775,102.214,-35.3609,57.3539,-138.045,222.159,-50.2857,447.258,637.423,1329.29,536.873,2844.63,387.697,4484.24,310.545,64.8819,-70.549
663,-56.1969,-13.9539,103.165,-32.4871,59.7234,-137.037,222.612,-48.2495,446.335,638.07,1328.97,537.643,2844.55,388.279,4484.2,311.013,67.9753,-71.468
664,-55.0563,-17.9289,104.035,-29.5879,62.0752,-135.988,223.045,-46.2092,445.41,638.716,1328.66,538.414,2844.47,388.861,4484.17,311.481,70.9985,-72.3131
665,-53.6348,-21.8125,104.823,-26.6655,64.4086,-134.898,223.46,-44.1651,444.485,639.36,1328.35,539.184,2844.39,389.443,4484.14,311.95,73.9541,-73.0893
666,-51.9397,-25.5847,105.529,-23.7222,66.7228,-133.769,223.857,-42.1173,443.558,640.004,1328.03,539.954,2844.31,390.025,4484.1,312.418,76.8445,-73.801
667,-49.9797,-29.2264,106.153,-20.7603,69.0173,-132.599,224.234,-40.0659,442.631,640.645,1327.72,540.724,2844.23,390.607,4484.07,312.886,79.6719,-74.4523
668,-47.7645,-32.719,106.693,-17.7822,71.2914,-131.391,224.593,-38.0112,441.703,641.286,1327.4,541.494,2844.15,391.189,4484.04,313.355,82.4385,-75.0466
669,-45.3057,-36.0446,107.15,-14.7902,73.5442,-130.144,224.933,-35.9533,440.774,641.925,1327.09,542.264,2844.07,391.771,4484.01,313.823,85.146,-75.5873
670,-42.6156,-39.1863,107.524,-11.7866,75.7753,-128.857,225.254,-33.8923,439.844,642.563,1326.77,543.033,2843.99,392.353,4483.97,314.291,87.7965,-76.0772
671,-39.7081,-42.128,107.813,-8.77376,77.9839,-127.533,225.556,-31.8286,438.913,643.199,1326.46,543.803,2843.91,392.935,4483.94,314.76,90.3914,-76.519
672,-36.5979,-44.8547,108.017,-5.75405,80.1694,-126.171,225.84,-29.7621,437.981,643.834,1326.14,544.572,2843.83,393.517,4483.91,315.228,92.9324,-76.9152
673,-33.3009,-47.3524,108.137,-2.72984,82.3311,-124.772,226.104,-27.6932,437.048,644.468,1325.82,545.341,2843.75,394.098,4483.87,315.696,95.421,-77.2679
674,-29.8338,-49.6084,108.173,0.296502,84.4683,-123.335,226.349,-25.622,436.114,645.1,1325.5,546.109,2843.67,394.68,4483.84,316.165,97.8585,-77.5792
675,-26.2145,-51.6111,108.123,3.32262,86.5806,-121.862,226.576,-23.5485,435.18,645.731,1325.19,546.878,2843.59,395.262,4483.81,316.633,100.246,-77.8511
676,-22.4614,-53.3503,107.989,6.34613,88.6671,-120.353,226.783,-21.4732,434.244,646.361,1324.87,547.646,2843.51,395.844,4483.78,317.101,102.585,-78.0853
677,-18.5935,-54.8172,107.771,9.36469,90.7274,-118.808,226.972,-19.396,433.308,646.989,1324.55,548.414,2843.43,396.426,4483.74,317.57,104.877,-78.2833
678,-14.6307,-56.0042,107.468,12.3759,92.7607,-117.228,227.141,-17.3172,432.37,647.616,1324.23,549.182,2843.34,397.008,4483.71,318.038,107.122,-78.4467
679,-10.5933,-56.9052,107.082,15.3775,94.7666,-115.613,227.292,-15.2369,431.432,648.242,1323.91,549.95,2843.26,397.59,4483.68,318.506,109.322,-78.5769
680,-6.50169,-57.5156,106.611,18.367,96.7443,-113.963,227.423,-13.1554,430.493,648.866,1323.59,550.718,2843.18,398.171,4483.64,318.975,111.478,-78.6752
681,-2.37691,-57.8323,106.057,21.3421,98.6933,-112.28,227.535,-11.0727,429.552,649.489,1323.27,551.485,2843.1,398.753,4483.61,319.443,113.59,-78.7428
682,1.76001,-57.8536,105.42,24.3006,100.613,-110.564,227.628,-8.98914,428.611,650.11,1322.95,552.253,2843.02,399.335,4483.58,319.911,115.659,-78.7809
683,5.88794,-57.5795,104.7,27.24,102.503,-108.815,227.703,-6.90481,427.67,650.731,1322.63,553.02,2842.94,399.917,4483.54,320.379,117.687,-78.7905
684,9.98581,-57.0113,103.899,30.1581,104.363,-107.034,227.758,-4.81989,426.727,651.349,1322.3,553.787,2842.85,400.498,4483.51,320.848,119.674,-78.7726
685,14.0327,-56.1519,103.016,33.0526,106.191,-105.22,227.794,-2.73457,425.783,651.967,1321.98,554.553,2842.77,401.08,4483.47,321.316,121.62,-78.7281
686,18.0079,-55.0057,102.053,35.9213,107.988,-103.376,227.811,-0.649023,424.838,652.583,1321.66,555.32,2842.69,401.662,4483.44,321.784,123.527,-78.658
687,21.8911,-53.5786,101.01,38.7619,109.753,-101.501,227.808,1.43658,423.893,653.197,1321.34,556.086,2842.61,402.243,4483.41,322.253,125.394,-78.5631
688,25.6625,-51.8778,99.8878,41.5721,111.486,-99.596,227.787,3.52207,422.947,653.811,1321.01,556.852,2842.52,402.825,4483.37,322.721,127.224,-78.4442
689,29.3028,-49.9121,98.6876,44.3499,113.185,-97.6614,227.747,5.60727,421.999,654.423,1320.69,557.618,2842.44,403.407,4483.34,323.189,129.015,-78.302
690,32.7935,-47.6914,97.4101,47.0929,114.851,-95.6978,227.687,7.69199,421.051,655.033,1320.36,558.384,2842.36,403.988,4483.31,323.657,130.77,-78.1372
691,36.1166,-45.2271,96.0565,49.7992,116.483,-93.7058,227.609,9.77608,420.102,655.642,1320.04,559.15,2842.28,404.57,4483.27,324.126,132.488,-77.9505
692,39.2553,-42.5318,94.6278,52.4664,118.081,-91.6861,227.511,11.8593,419.152,656.25,1319.71,559.915,2842.19,405.151,4483.24,324.594,134.169,-77.7425
693,42.1935,-39.6193,93.125,55.0927,119.643,-89.6391,227.394,13.9416,418.201,656.857,1319.39,560.68,2842.11,405.733,4483.2,325.062,135.815,-77.5139
694,44.9162,-36.5044,91.5494,57.6758,121.17,-87.5656,227.259,16.0227,417.25,657.462,1319.06,561.445,2842.03,406.314,4483.17,325.53,137.426,-77.2653
695,47.4095,-33.2031,89.9023,60.2139,122.661,-85.4661,227.104,18.1025,416.297,658.065,1318.73,562.21,2841.94,406.896,4483.14,325.999,139.002,-76.997
696,49.6607,-29.7322,88.1848,62.7049,124.115,-83.3413,226.93,20.1808,415.344,658.668,1318.41,562.975,2841.86,407.477,4483.1,326.467,140.544,-76.7098
697,51.6583,-26.1094,86.3984,65.1468,125.533,-81.1918,226.737,22.2573,414.39,659.268,1318.08,563.739,2841.78,408.059,4483.07,326.935,142.051,-76.4041
698,53.392,-22.3534,84.5444,67.5378,126.913,-79.0182,226.526,24.332,413.434,659.868,1317.75,564.503,2841.69,408.64,4483.03,327.403,143.526,-76.0803
699,54.8531,-18.4831,82.6243,69.876,128.256,-76.8211,226.295,26.4047,412.478,660.466,1317.42,565.267,2841.61,409.222,4483,327.872,144.967,-75.7389
700,56.0341,-14.5185,80.6396,72.1596,129.561,-74.6013,226.045,28.4752,411.521,661.063,1317.09,566.031,2841.52,409.803,4482.96,328.34,146.375,-75.3804
701,56.929,-10.4798,78.5919,74.3868,130.828,-72.3594,225.776,30.5432,410.564,661.658,1316.76,566.795,2841.44,410.385,4482.93,328.808,147.75,-75.0051
702,57.5333,-6.38753,76.4827,76.5558,132.055,-70.096,225.489,32.6087,409.605,662.252,1316.43,567.558,2841.36,410.966,4482.9,329.276,149.094,-74.6135
703,57.8438,-2.26267,74.3138,78.6649,133.244,-67.8118,225.182,34.6715,408.646,662.845,1316.1,568.322,2841.27,411.548,4482.86,329.744,150.406,-74.206
704,57.859,1.87375,72.0867,80.7126,134.393,-65.5075,224.857,36.7314,407.685,663.436,1315.77,569.085,2841.19,412.129,4482.83,330.213,151.686,-73.7828
705,57.5789,6.0006,69.8033,82.6972,135.502,-63.1838,224.513,38.7882,406.724,664.026,1315.44,569.848,2841.1,412.71,4482.79,330.681,152.934,-73.3445
706,57.0048,10.0968,67.4654,84.6171,136.571,-60.8414,224.15,40.8418,405.762,664.614,1315.11,570.611,2841.02,413.292,4482.76,331.149,154.152,-72.8912
707,56.1398,14.1415,65.0747,86.4709,137.6,-58.4809,223.768,42.8919,404.799,665.201,1314.78,571.373,2840.93,413.873,4482.72,331.617,155.339,-72.4233
708,54.9883,18.114,62.6332,88.2572,138.587,-56.1031,223.368,44.9385,403.835,665.787,1314.44,572.135,2840.85,414.454,4482.69,332.085,156.495,-71.9412
709,53.5562,21.9941,60.1427,89.9744,139.534,-53.7087,222.948,46.9813,402.871,666.371,1314.11,572.898,2840.76,415.036,4482.65,332.554,157.621,-71.4452
710,51.8508,25.762,57.6052,91.6213,140.439,-51.2983,222.511,49.0201,401.905,666.954,1313.78,573.66,2840.68,415.617,4482.62,333.022,158.717,-70.9354
711,49.8808,29.3984,55.0226,93.1967,141.303,-48.8728,222.054,51.0549,400.939,667.535,1313.44,574.421,2840.59,416.198,4482.58,333.49,159.782,-70.4123
712,47.6564,32.8848,52.3971,94.6992,142.125,-46.4327,221.579,53.0854,399.972,668.115,1313.11,575.183,2840.51,416.779,4482.55,333.958,160.819,-69.8761
713,45.1888,36.2035,49.7307,96.1277,142.905,-43.9789,221.085,55.1114,399.004,668.694,1312.77,575.944,2840.42,417.361,4482.51,334.426,161.825,-69.3271
714,42.4907,39.3375,47.0254,97.481,143.642,-41.5121,220.573,57.1328,398.035,669.271,1312.44,576.706,2840.34,417.942,4482.48,334.895,162.802,-68.7654
715,39.5759,42.2708,44.2833,98.7582,144.337,-39.0329,220.043,59.1495,397.066,669.847,1312.1,577.467,2840.25,418.523,4482.44,335.363,163.75,-68.1914
716,36.4592,44.9885,41.5066,99.9583,144.989,-36.5422,219.493,61.1612,396.095,670.421,1311.77,578.227,2840.16,419.104,4482.41,335.831,164.669,-67.6053
717,33.1566,47.4768,38.6975,101.08,145.598,-34.0406,218.926,63.1677,395.124,670.994,1311.43,578.988,2840.08,419.685,4482.37,336.299,165.559,-67.0073
718,29.6849,49.723,35.8582,102.123,146.164,-31.529,218.34,65.169,394.152,671.566,1311.09,579.748,2839.99,420.266,4482.34,336.767,166.42,-66.3977
719,26.0618,51.7156,32.9909,103.086,146.686,-29.008,217.736,67.1649,393.179,672.136,1310.75,580.509,2839.91,420.847,4482.3,337.235,167.253,-65.7766
720,22.3058,53.4446,30.0978,103.969,147.165,-26.4784,217.114,69.1551,392.205,672.705,1310.42,581.269,2839.82,421.429,4482.27,337.703,168.057,-65.1443
721,18.4361,54.9011,27.1811,104.77,147.601,-23.9409,216.473,71.1395,391.231,673.272,1310.08,582.028,2839.73,422.01,4482.23,338.172,168.832,-64.5009
722,14.4724,56.0776,24.2433,105.49,147.993,-21.3964,215.815,73.1179,390.255,673.838,1309.74,582.788,2839.65,422.591,4482.2,338.64,169.579,-63.8468
723,10.435,56.9683,21.2865,106.127,148.34,-18.8455,215.138,75.0903,389.279,674.403,1309.4,583.548,2839.56,423.172,4482.16,339.108,170.298,-63.182
724,6.34433,57.5686,18.3131,106.682,148.644,-16.2891,214.443,77.0563,388.302,674.966,1309.06,584.307,2839.47,423.753,4482.13,339.576,170.989,-62.5067
725,2.22134,57.8754,15.3253,107.152,148.904,-13.7278,213.731,79.0159,387.324,675.528,1308.72,585.066,2839.39,424.334,4482.09,340.044,171.652,-61.8212
726,-1.91297,57.8873,12.3257,107.54,149.12,-11.1624,213,80.9689,386.345,676.088,1308.38,585.825,2839.3,424.915,4482.05,340.512,172.287,-61.1256
727,-6.03753,57.6041,9.31633,107.843,149.292,-8.59376,212.252,82.9151,385.366,676.647,1308.04,586.583,2839.21,425.496,4482.02,340.98,172.893,-60.4201
728,-10.1313,57.0273,6.29973,108.062,149.419,-6.02254,211.486,84.8544,384.386,677.204,1307.7,587.342,2839.12,426.077,4481.98,341.449,173.472,-59.7048
729,-14.1735,56.1598,3.27821,108.197,149.502,-3.44954,210.702,86.7866,383.404,677.76,1307.35,588.1,2839.04,426.658,4481.95,341.917,174.023,-58.98
730,-18.1434,55.0062,0.254137,108.247,149.541,-0.875513,209.9,88.7115,382.423,678.315,1307.01,588.858,2838.95,427.239,4481.91,342.385,174.546,-58.2457
731,-22.0208,53.5722,-2.77014,108.212,149.535,1.69877,209.081,90.629,381.44,678.868,1306.67,589.616,2838.86,427.819,4481.88,342.853,175.042,-57.5022
732,-25.7861,51.8652,-5.79224,108.093,149.486,4.27256,208.245,92.5389,380.456,679.42,1306.33,590.374,2838.77,428.4,4481.84,343.321,175.51,-56.7495
733,-29.4199,49.8939,-8.80983,107.89,149.392,6.84508,207.391,94.441,379.472,679.97,1305.98,591.131,2838.68,428.981,4481.8,343.789,175.95,-55.9879
734,-32.9038,47.6684,-11.8205,107.602,149.253,9.41558,206.519,96.3353,378.487,680.519,1305.64,591.888,2838.6,429.562,4481.77,344.257,176.362,-55.2175
735,-36.22,45.1999,-14.822,107.231,149.071,11.9833,205.631,98.2215,377.501,681.066,1305.29,592.645,2838.51,430.143,4481.73,344.725,176.747,-54.4384
736,-39.3516,42.5011,-17.8119,106.775,148.844,14.5475,204.725,100.099,376.514,681.612,1304.95,593.402,2838.42,430.724,4481.7,345.193,177.104,-53.6508
737,-42.2826,39.5856,-20.7879,106.236,148.573,17.1073,203.802,101.969,375.527,682.157,1304.6,594.159,2838.33,431.304,4481.66,345.662,177.433,-52.8548
738,-44.9982,36.4685,-23.7476,105.615,148.259,19.6621,202.862,103.83,374.539,682.7,1304.26,594.915,2838.24,431.885,4481.62,346.13,177.735,-52.0505
739,-47.4845,33.1655,-26.6888,104.91,147.9,22.2111,201.905,105.682,373.55,683.242,1303.91,595.672,2838.15,432.466,4481.59,346.598,178.009,-51.2381
740,-49.7287,29.6934,-29.6092,104.124,147.498,24.7535,200.931,107.526,372.56,683.782,1303.56,596.428,2838.07,433.047,4481.55,347.066,178.255,-50.4177
741,-51.7195,26.07,-32.5064,103.257,147.051,27.2885,199.94,109.36,371.569,684.321,1303.22,597.184,2837.98,433.627,4481.51,347.534,178.473,-49.5895
742,-53.4466,22.3137,-35.3782,102.308,146.562,29.8155,198.932,111.186,370.578,684.859,1302.87,597.939,2837.89,434.208,4481.48,348.002,178.664,-48.7535
743,-54.9014,18.4437,-38.2225,101.28,146.029,32.3337,197.908,113.002,369.586,685.395,1302.52,598.695,2837.8,434.789,4481.44,348.47,178.827,-47.91
744,-56.0762,14.4797,-41.0368,100.173,145.452,34.8423,196.867,114.809,368.593,685.929,1302.17,599.45,2837.71,435.369,4481.4,348.938,178.961,-47.0589
745,-56.9652,10.4419,-43.8191,98.988,144.833,37.3405,195.81,116.606,367.599,686.462,1301.82,600.205,2837.62,435.95,4481.37,349.406,179.068,-46.2005
746,-57.5638,6.3508,-46.5672,97.7254,144.171,39.8278,194.737,118.393,366.604,686.994,1301.47,600.96,2837.53,436.531,4481.33,349.874,179.147,-45.3348
747,-57.8689,2.22735,-49.279,96.3864,143.466,42.3032,193.647,120.17,365.609,687.524,1301.12,601.715,2837.44,437.111,4481.3,350.342,179.197,-44.4621
748,-57.8789,-1.90745,-51.9522,94.9722,142.718,44.7661,192.541,121.937,364.613,688.053,1300.77,602.469,2837.35,437.692,4481.26,350.81,179.22,-43.5823
749,-57.5938,-6.03252,-54.5849,93.4839,141.929,47.2157,191.418,123.694,363.616,688.58,1300.42,603.223,2837.26,438.273,4481.22,351.278,179.214,-42.6956
750,-57.015,-10.1268,-57.1749,91.9225,141.097,49.6514,190.28,125.441,362.619,689.106,1300.07,603.977,2837.17,438.853,4481.18,351.746,179.18,-41.8022
751,-56.1454,-14.1695,-59.7203,90.2893,140.223,52.0724,189.126,127.177,361.621,689.631,1299.72,604.731,2837.08,439.434,4481.15,352.214,179.117,-40.9021
752,-54.9895,-18.1399,-62.2191,88.5856,139.308,54.478,187.956,128.903,360.621,690.154,1299.37,605.485,2836.99,440.014,4481.11,352.682,179.025,-39.9955
753,-53.5531,-22.0177,-64.6693,86.8128,138.352,56.8674,186.77,130.618,359.622,690.675,1299.02,606.238,2836.9,440.595,4481.07,353.15,178.905,-39.0825
754,-51.8435,-25.7833,-67.0689,84.9722,137.355,59.24,185.569,132.322,358.621,691.196,1298.66,606.992,2836.81,441.175,4481.04,353.618,178.756,-38.1632
755,-49.8693,-29.4173,-69.4162,83.0652,136.317,61.5951,184.352,134.015,357.62,691.714,1298.31,607.745,2836.72,441.756,4481,354.086,178.578,-37.2376
756,-47.6408,-32.9012,-71.7093,81.0933,135.239,63.932,183.12,135.696,356.618,692.231,1297.96,608.497,2836.63,442.336,4480.96,354.554,178.371,-36.306
757,-45.1692,-36.2172,-73.9464,79.0581,134.121,66.2499,181.872,137.366,355.615,692.747,1297.6,609.25,2836.54,442.916,4480.93,355.022,178.135,-35.3684
758,-42.467,-39.3484,-76.1257,76.9612,132.963,68.5482,180.609,139.025,354.611,693.262,1297.25,610.002,2836.45,443.497,4480.89,355.49,177.869,-34.425
759,-39.5482,-42.2788,-78.2456,74.8041,131.766,70.8263,179.332,140.672,353.607,693.774,1296.89,610.755,2836.36,444.077,4480.85,355.959,177.573,-33.4758
760,-36.4275,-44.9934,-80.3043,72.5887,130.53,73.0834,178.039,142.308,352.602,694.286,1296.54,611.507,2836.27,444.658,4480.81,356.427,177.248,-32.521
761,-33.1208,-47.4784,-82.3004,70.3165,129.255,75.3188,176.731,143.931,351.596,694.796,1296.18,612.259,2836.17,445.238,4480.78,356.895,176.893,-31.5607
762,-29.6451,-49.721,-84.2321,67.9895,127.942,77.532,175.408,145.542,350.59,695.304,1295.82,613.01,2836.08,445.818,4480.74,357.362,176.507,-30.595
763,-26.018,-51.7097,-86.0981,65.6093,126.591,79.7223,174.071,147.142,349.582,695.811,1295.47,613.762,2835.99,446.399,4480.7,357.83,176.091,-29.6241
764,-22.2581,-53.4345,-87.8968,63.1779,125.202,81.8889,172.719,148.729,348.574,696.317,1295.11,614.513,2835.9,446.979,4480.66,358.298,175.644,-28.648
765,-18.3846,-54.8864,-89.6269,60.6972,123.777,84.0313,171.353,150.303,347.566,696.821,1294.75,615.264,2835.81,447.559,4480.63,358.766,175.167,-27.6668
766,-14.4172,-56.0581,-91.287,58.169,122.315,86.1489,169.972,151.865,346.556,697.324,1294.39,616.014,2835.72,448.139,4480.59,359.234,174.658,-26.6807
767,-10.3761,-56.9435,-92.8757,55.5954,120.817,88.241,168.577,153.414,345.546,697.825,1294.04,616.765,2835.62,448.72,4480.55,359.702,174.118,-25.6899
768,-6.28212,-57.538,-94.392,52.9784,119.283,90.307,167.168,154.951,344.535,698.325,1293.68,617.515,2835.53,449.3,4480.51,360.17,173.547,-24.6943
769,-2.156,-57.8388,-95.8344,50.32,117.713,92.3462,165.745,156.474,343.523,698.823,1293.32,618.266,2835.44,449.88,4480.48,360.638,172.943,-23.6942
770,1.98113,-57.8441,-97.2021,47.6223,116.109,94.3582,164.308,157.984,342.511,699.32,1292.96,619.015,2835.35,450.46,4480.44,361.106,172.307,-22.6897
771,6.10814,-57.5539,-98.4938,44.8874,114.471,96.3422,162.858,159.481,341.498,699.815,1292.6,619.765,2835.26,451.04,4480.4,361.574,171.639,-21.681
772,10.2039,-56.9698,-99.7085,42.1174,112.798,98.2978,161.394,160.965,340.484,700.309,1292.24,620.515,2835.16,451.621,4480.36,362.042,170.938,-20.668
773,14.2476,-56.0947,-100.845,39.3146,111.093,100.224,159.916,162.436,339.47,700.801,1291.87,621.264,2835.07,452.201,4480.32,362.51,170.203,-19.6511
774,18.2185,-54.933,-101.903,36.481,109.354,102.121,158.425,163.892,338.454,701.292,1291.51,622.013,2834.98,452.781,4480.29,362.978,169.436,-18.6303
775,22.0964,-53.4907,-102.882,33.6189,107.583,103.988,156.921,165.335,337.438,701.782,1291.15,622.762,2834.88,453.361,4480.25,363.446,168.634,-17.6057
776,25.8613,-51.7751,-103.78,30.7306,105.781,105.824,155.403,166.765,336.422,702.27,1290.79,623.511,2834.79,453.941,4480.21,363.914,167.798,-16.5776
777,29.4942,-49.7951,-104.597,27.8182,103.947,107.628,153.873,168.18,335.404,702.756,1290.43,624.259,2834.7,454.521,4480.17,364.382,166.927,-15.546
778,32.9764,-47.5606,-105.332,24.8841,102.082,109.401,152.329,169.581,334.386,703.241,1290.06,625.008,2834.6,455.101,4480.13,364.85,166.021,-14.5112
779,36.2901,-45.0832,-105.985,21.9306,100.187,111.141,150.773,170.968,333.368,703.725,1289.7,625.756,2834.51,455.681,4480.1,365.318,165.08,-13.4733
780,39.4184,-42.3754,-106.555,18.9599,98.2625,112.849,149.205,172.341,332.348,704.207,1289.33,626.503,2834.42,456.261,4480.06,365.786,164.103,-12.4324
781,42.3453,-39.4512,-107.042,15.9744,96.3089,114.523,147.624,173.699,331.328,704.687,1288.97,627.251,2834.32,456.841,4480.02,366.254,163.089,-11.3888
782,45.0559,-36.3255,-107.445,12.9765,94.3269,116.163,146.03,175.043,330.307,705.166,1288.6,627.999,2834.23,457.421,4479.98,366.722,162.038,-10.3426
783,47.5364,-33.0141,-107.765,9.96836,92.3169,117.769,144.424,176.372,329.286,705.644,1288.24,628.746,2834.14,458.001,4479.94,367.189,160.95,-9.29396
784,49.774,-29.5342,-108,6.95247,90.2797,119.34,142.807,177.686,328.263,706.12,1287.87,629.493,2834.04,458.581,4479.9,367.657,159.823,-8.24314
785,51.7574,-25.9033,-108.15,3.93114,88.2158,120.876,141.177,178.986,327.241,706.595,1287.51,630.24,2833.95,459.161,4479.87,368.125,158.659,-7.19034
786,53.4764,-22.1402,-108.216,0.90674,86.1258,122.376,139.535,180.27,326.217,707.068,1287.14,630.986,2833.85,459.741,4479.83,368.593,157.454,-6.13575
787,54.9223,-18.264,-108.198,-2.11837,84.0103,123.84,137.882,181.54,325.193,707.54,1286.77,631.732,2833.76,460.321,4479.79,369.061,156.21,-5.07961
788,56.0877,-14.2945,-108.095,-5.14181,81.87,125.268,136.217,182.794,324.168,708.01,1286.4,632.479,2833.67,460.9,4479.75,369.529,154.926,-4.02216
789,56.9667,-10.2519,-107.907,-8.16124,79.7055,126.658,134.541,184.033,323.142,708.479,1286.04,633.225,2833.57,461.48,4479.71,369.997,153.6,-2.96363
790,57.5547,-6.15707,-107.635,-11.1743,77.5174,128.011,132.854,185.257,322.116,708.946,1285.67,633.97,2833.48,462.06,4479.67,370.465,152.232,-1.90429
791,57.8488,-2.03076,-107.279,-14.1786,75.3065,129.326,131.156,186.465,321.089,709.412,1285.3,634.716,2833.38,462.64,4479.63,370.933,150.821,-0.844411
792,57.8476,2.10592,-106.839,-17.1718,73.0732,130.603,129.446,187.657,320.061,709.876,1284.93,635.461,2833.29,463.22,4479.6,371.4,149.367,0.215708
793,57.551,6.23185,-106.316,-20.1516,70.8184,131.841,127.726,188.834,319.033,710.339,1284.56,636.206,2833.19,463.799,4479.56,371.868,147.869,1.27576
794,56.9606,10.326,-105.709,-23.1157,68.5426,133.04,125.995,189.995,318.004,710.8,1284.19,636.951,2833.1,464.379,4479.52,372.336,146.325,2.33543
795,56.0794,14.3674,-105.02,-26.0616,66.2466,134.2,124.253,191.141,316.974,711.26,1283.82,637.696,2833,464.959,4479.48,372.804,144.735,3.39436
796,54.912,18.3355,-104.248,-28.9872,63.931,135.321,122.502,192.27,315.944,711.718,1283.45,638.44,2832.9,465.538,4479.44,373.272,143.097,4.45218
797,53.4643,22.21,-103.395,-31.8901,61.5965,136.401,120.739,193.383,314.913,712.175,1283.07,639.184,2832.81,466.118,4479.4,373.74,141.412,5.50849
798,51.7438,25.9711,-102.462,-34.7681,59.2438,137.441,118.967,194.48,313.881,712.63,1282.7,639.929,2832.71,466.698,4479.36,374.208,139.677,6.56288
799,49.7592,29.5997,-101.448,-37.6189,56.8736,138.44,117.185,195.561,312.849,713.084,1282.33,640.672,2832.62,467.277,4479.32,374.675,137.891,7.61489
800,47.5207,33.0773,-100.354,-40.4402,54.4866,139.399,115.393,196.625,311.816,713.537,1281.96,641.416,2832.52,467.857,4479.28,375.143,136.053,8.66403
801,45.0397,36.3861,-99.1827,-43.23,52.0835,140.316,113.592,197.673,310.782,713.987,1281.58,642.159,2832.43,468.437,4479.24,375.611,134.162,9.70979
802,42.329,39.5093,-97.9334,-45.9859,49.665,141.192,111.781,198.704,309.748,714.437,1281.21,642.902,2832.33,469.016,4479.2,376.079,132.217,10.7516
803,39.4024,42.431,-96.6075,-48.7058,47.2319,142.026,109.96,199.719,308.713,714.885,1280.84,643.645,2832.23,469.596,4479.16,376.547,130.215,11.7888
804,36.2748,45.1362,-95.206,-51.3877,44.7848,142.818,108.13,200.717,307.677,715.331,1280.46,644.388,2832.14,470.175,4479.13,377.015,128.156,12.8208
805,32.9621,47.6113,-93.73,-54.0293,42.3244,143.568,106.292,201.699,306.641,715.776,1280.09,645.131,2832.04,470.755,4479.09,377.482,126.037,13.8469
806,29.4814,49.8435,-92.1807,-56.6287,39.8516,144.275,104.444,202.663,305.604,716.219,1279.71,645.873,2831.94,471.334,4479.05,377.95,123.857,14.8662
807,25.8503,51.8215,-90.5593,-59.1837,37.3669,144.94,102.588,203.611,304.567,716.661,1279.33,646.615,2831.85,471.914,4479.01,378.418,121.614,15.878
808,22.0874,53.5354,-88.867,-61.6925,34.8713,145.562,100.723,204.541,303.528,717.101,1278.96,647.357,2831.75,472.493,4478.97,378.886,119.306,16.8812
809,18.212,54.9762,-87.1052,-64.1529,32.3653,146.142,98.8499,205.455,302.49,717.54,1278.58,648.098,2831.65,473.073,4478.93,379.354,116.93,17.8748
810,14.2436,56.1368,-85.2752,-66.5632,29.8498,146.677,96.9684,206.351,301.45,717.977,1278.2,648.84,2831.56,473.652,4478.89,379.822,114.483,18.8577
811,10.2027,57.0113,-83.3785,-68.9214,27.3254,147.17,95.0788,207.23,300.41,718.413,1277.83,649.581,2831.46,474.231,4478.85,380.289,111.965,19.8287
812,6.10972,57.5951,-81.4165,-71.2257,24.793,147.619,93.1812,208.092,299.37,718.847,1277.45,650.322,2831.36,474.811,4478.81,380.757,109.37,20.7862
813,1.98562,57.8854,-79.3908,-73.4742,22.2533,148.025,91.2758,208.936,298.328,719.28,1277.07,651.063,2831.26,475.39,4478.77,381.225,106.698,21.7289
814,-2.14859,57.8806,-77.303,-75.6652,19.707,148.386,89.3628,209.763,297.286,719.712,1276.69,651.803,2831.17,475.969,4478.73,381.693,103.943,22.6548
815,-6.27185,57.5808,-75.1547,-77.7969,17.1549,148.704,87.4424,210.572,296.244,720.141,1276.31,652.544,2831.07,476.549,4478.69,382.16,101.103,23.5621
816,-10.3632,56.9876,-72.9475,-79.8678,14.5977,148.979,85.5146,211.364,295.201,720.57,1275.93,653.284,2830.97,477.128,4478.65,382.628,98.1729,24.4485
817,-14.4016,56.104,-70.6833,-81.8762,12.0362,149.209,83.5797,212.138,294.157,720.996,1275.55,654.024,2830.87,477.707,4478.61,383.096,95.1491,25.3115
818,-18.3667,54.9345,-68.3637,-83.8205,9.47113,149.395,81.6378,212.894,293.112,721.422,1275.17,654.763,2830.78,478.287,4478.57,383.564,92.0266,26.1482
819,-22.2382,53.4851,-65.9906,-85.6991,6.90328,149.536,79.6891,213.633,292.067,721.845,1274.79,655.503,2830.68,478.866,4478.53,384.032,88.7998,26.9552
820,-25.9964,51.7631,-63.5658,-87.5107,4.33339,149.634,77.7337,214.353,291.022,722.268,1274.41,656.242,2830.58,479.445,4478.49,384.499,85.463,27.7288
821,-29.6222,49.7774,-61.0913,-89.2537,1.76223,149.688,75.7719,215.056,289.975,722.688,1274.03,656.981,2830.48,480.024,4478.45,384.967,82.0093,28.4645
822,-33.0969,47.5381,-58.5689,-90.9269,-0.809457,149.697,73.8036,215.741,288.929,723.107,1273.64,657.72,2830.38,480.603,4478.41,385.435,78.4313,29.1569
823,-36.4031,45.0565,-56.0007,-92.5288,-3.3809,149.662,71.8293,216.408,287.881,723.525,1273.26,658.458,2830.28,481.182,4478.37,385.903,74.7206,29.8
824,-39.5237,42.3454,-53.3886,-94.0583,-5.95135,149.583,69.8489,217.056,286.833,723.941,1272.88,659.197,2830.18,481.762,4478.33,386.37,70.8676,30.3862
825,-42.443,39.4184,-50.7347,-95.5142,-8.52003,149.46,67.8627,217.687,285.784,724.356,1272.49,659.935,2830.09,482.341,4478.29,386.838,66.8613,30.9066
826,-45.146,36.2907,-48.0411,-96.8952,-11.0862,149.292,65.8708,218.299,284.735,724.769,1272.11,660.673,2829.99,482.92,4478.25,387.306,62.6891,31.3501
827,-47.619,32.978,-45.3098,-98.2004,-13.6491,149.081,63.8734,218.893,283.685,725.181,1271.72,661.411,2829.89,483.499,4478.2,387.773,58.3364,31.7032
828,-49.8493,29.4972,-42.5431,-99.4287,-16.208,148.825,61.8707,219.469,282.635,725.591,1271.34,662.148,2829.79,484.078,4478.16,388.241,53.7859,31.9486
829,-51.8255,25.8662,-39.7431,-100.579,-18.762,148.526,59.8628,220.027,281.584,725.999,1270.95,662.885,2829.69,484.657,4478.12,388.709,49.0174,32.0641
830,-53.5377,22.1033,-36.9119,-101.651,-21.3106,148.183,57.85,220.566,280.532,726.406,1270.57,663.622,2829.59,485.236,4478.08,389.177,44.0069,32.0207
831,-54.977,18.2278,-34.0518,-102.643,-23.8528,147.796,55.8322,221.087,279.48,726.812,1270.18,664.359,2829.49,485.815,4478.04,389.644,38.7254,31.7792
832,-56.1361,14.2594,-31.1651,-103.554,-26.388,147.365,53.8099,221.589,278.427,727.216,1269.8,665.096,2829.39,486.394,4478,390.112,33.1381,31.2855
833,-57.0091,10.2183,-28.2539,-104.385,-28.9154,146.891,51.783,222.072,277.373,727.618,1269.41,665.832,2829.29,486.973,4477.96,390.58,27.2034,30.4611
834,-57.5915,6.12512,-25.3206,-105.133,-31.4343,146.373,49.7518,222.538,276.319,728.019,1269.02,666.568,2829.19,487.552,4477.92,391.047,20.8728,29.1881
835,-57.8803,2.00073,-22.3675,-105.8,-33.9439,145.812,47.7164,222.984,275.265,728.418,1268.63,667.304,2829.09,488.131,4477.88,391.515,14.0957,27.2792
836,-57.874,-2.13386,-19.3968,-106.383,-36.4434,145.209,45.6771,223.412,274.21,728.816,1268.24,668.04,2828.99,488.71,4477.84,391.983,6.84394,24.4169
837,-57.5727,-6.25758,-16.4109,-106.883,-38.9322,144.562,43.6339,223.821,273.154,729.213,1267.86,668.775,2828.89,489.288,4477.8,392.451,-0.789869,20.0347
838,-56.9779,-10.3494,-13.4122,-107.3,-41.4095,143.873,41.5871,224.212,272.098,729.607,1267.47,669.51,2828.79,489.867,4477.76,392.918,-8.19822,13.1698
839,-56.0924,-14.3884,-10.403,-107.632,-43.8746,143.141,39.5368,224.584,271.041,730.001,1267.08,670.245,2828.69,490.446,4477.71,393.386,-13.2921,3.10371
840,-54.921,-18.3541,-7.38562,-107.88,-46.3267,142.367,37.4832,224.937,269.983,730.392,1266.69,670.98,2828.59,491.025,4477.67,393.854,-13.7196,-8.08212
841,-53.4694,-22.2261,-4.36246,-108.044,-48.7652,141.55,35.4265,225.271,268.925,730.783,1266.3,671.715,2828.49,491.604,4477.63,394.321,-10.7602,-17.5807
842,-51.7451,-25.9848,-1.33587,-108.122,-51.1892,140.693,33.3669,225.587,267.867,731.171,1265.9,672.449,2828.39,492.183,4477.59,394.789,-6.47187,-25.125
843,-49.7568,-29.6109,1.69176,-108.116,-53.5982,139.793,31.3044,225.883,266.808,731.558,1265.51,673.183,2828.29,492.761,4477.55,395.257,-1.77372,-31.2297
844,-47.5147,-33.086,4.71806,-108.026,-55.9913,138.852,29.2393,226.161,265.748,731.944,1265.12,673.917,2828.18,493.34,4477.51,395.724,2.99692,-36.3112
845,-45.0302,-36.3922,7.74067,-107.85,-58.3679,137.871,27.1718,226.42,264.688,732.328,1264.73,674.651,2828.08,493.919,4477.47,396.192,7.71191,-40.6413
846,-42.3159,-39.5128,10.7572,-107.591,-60.7272,136.848,25.1021,226.66,263.627,732.711,1264.34,675.384,2827.98,494.497,4477.42,396.66,12.3214,-44.398
847,-39.3857,-42.4317,13.7653,-107.246,-63.0686,135.786,23.0302,226.881,262.566,733.092,1263.94,676.117,2827.88,495.076,4477.38,397.127,16.807,-47.7022
848,-36.2545,-45.134,16.7626,-106.818,-65.3915,134.683,20.9564,227.083,261.504,733.471,1263.55,676.85,2827.78,495.655,4477.34,397.595,21.1645,-50.6392
849,-32.9382,-47.606,19.7468,-106.306,-67.6949,133.54,18.8808,227.266,260.441,733.849,1263.16,677.583,2827.68,496.233,4477.3,398.062,25.3953,-53.2716
850,-29.4537,-49.835,22.7156,-105.711,-69.9785,132.358,16.8037,227.43,259.378,734.225,1262.76,678.315,2827.58,496.812,4477.26,398.53,29.5038,-55.6462
851,-25.819,-51.8096,25.6665,-105.033,-72.2413,131.137,14.7252,227.575,258.315,734.6,1262.37,679.048,2827.47,497.39,4477.22,398.998,33.4954,-57.7996
852,-22.0524,-53.5196,28.5973,-104.273,-74.4828,129.877,12.6454,227.701,257.251,734.973,1261.97,679.78,2827.37,497.969,4477.17,399.465,37.3756,-59.7605
853,-18.1732,-54.9564,31.5056,-103.431,-76.7024,128.579,10.5646,227.808,256.186,735.345,1261.58,680.511,2827.27,498.548,4477.13,399.933,41.15,-61.5519
854,-14.2012,-56.1126,34.3893,-102.507,-78.8993,127.243,8.48294,227.897,255.121,735.715,1261.18,681.243,2827.17,499.126,4477.09,400.401,44.824,-63.1928
855,-10.1566,-56.9822,37.2461,-101.504,-81.0729,125.869,6.40054,227.966,254.055,736.084,1260.78,681.974,2827.06,499.705,4477.05,400.868,48.4025,-64.699
856,-6.06025,-57.5608,40.0736,-100.421,-83.2226,124.458,4.31761,228.016,252.989,736.451,1260.39,682.706,2826.96,500.283,4477.01,401.336,51.89,-66.0834
857,-1.93291,-57.8454,42.8698,-99.2592,-85.3477,123.011,2.23432,228.047,251.922,736.817,1259.99,683.436,2826.86,500.862,4476.96,401.803,55.2909,-67.3573
858,2.20431,-57.8346,45.6323,-98.0196,-87.4476,121.527,0.150848,228.058,250.855,737.181,1259.59,684.167,2826.76,501.44,4476.92,402.271,58.6089,-68.5303
859,6.33027,-57.5283,48.3591,-96.7032,-89.5217,120.007,-1.93264,228.051,249.787,737.543,1259.19,684.898,2826.65,502.018,4476.88,402.739,61.8477,-69.6106
860,10.4239,-56.9282,51.048,-95.311,-91.5693,118.452,-4.01596,228.025,248.719,737.904,1258.79,685.628,2826.55,502.597,4476.84,403.206,65.0106,-70.6054
861,14.4643,-56.0372,53.6968,-93.8441,-93.59,116.862,-6.09895,227.98,247.65,738.264,1258.4,686.358,2826.45,503.175,4476.8,403.674,68.1006,-71.521
862,18.4307,-54.8599,56.3036,-92.3037,-95.583,115.237,-8.18142,227.916,246.581,738.621,1258,687.087,2826.34,503.753,4476.75,404.141,71.1206,-72.363
863,22.3031,-53.4024,58.8662,-90.6909,-97.5478,113.578,-10.2632,227.832,245.511,738.978,1257.6,687.817,2826.24,504.332,4476.71,404.609,74.0731,-73.1363
864,26.0614,-51.672,61.3828,-89.007,-99.4837,111.886,-12.3441,227.73,244.44,739.332,1257.2,688.546,2826.14,504.91,4476.67,405.076,76.9605,-73.8454
865,29.6866,-49.6776,63.8512,-87.2533,-101.39,110.161,-14.424,227.609,243.369,739.686,1256.79,689.275,2826.03,505.488,4476.63,405.544,79.785,-74.4941
866,33.1602,-47.4294,66.2695,-85.4313,-103.267,108.403,-16.5027,227.468,242.298,740.037,1256.39,690.004,2825.93,506.067,4476.58,406.012,82.5488,-75.086
867,36.4643,-44.9389,68.6359,-83.5423,-105.113,106.614,-18.58,227.309,241.226,740.387,1255.99,690.733,2825.83,506.645,4476.54,406.479,85.2537,-75.6244
868,39.5821,-42.2187,70.9485,-81.5878,-106.928,104.792,-20.6558,227.131,240.154,740.736,1255.59,691.461,2825.72,507.223,4476.5,406.947,87.9015,-76.1122
869,42.4977,-39.2829,73.2055,-79.5694,-108.712,102.94,-22.7298,226.934,239.081,741.083,1255.19,692.189,2825.62,507.801,4476.46,407.414,90.4939,-76.552
870,45.1961,-36.1463,75.4052,-77.4886,-110.464,101.058,-24.802,226.717,238.007,741.428,1254.78,692.917,2825.51,508.379,4476.41,407.882,93.0324,-76.9462
871,47.6636,-32.8251,77.5457,-75.3471,-112.182,99.1453,-26.872,226.482,236.933,741.772,1254.38,693.645,2825.41,508.958,4476.37,408.349,95.5186,-77.297
872,49.8876,-29.3361,79.6255,-73.1465,-113.868,97.2037,-28.9399,226.228,235.859,742.114,1253.98,694.372,2825.3,509.536,4476.33,408.817,97.9537,-77.6066
873,51.8568,-25.6973,81.6428,-70.8886,-115.52,95.2334,-31.0053,225.955,234.784,742.455,1253.57,695.099,2825.2,510.114,4476.29,409.284,100.339,-77.8768
874,53.561,-21.9272,83.5962,-68.5752,-117.138,93.2349,-33.0681,225.663,233.708,742.794,1253.17,695.826,2825.1,510.692,4476.24,409.752,102.676,-78.1093
875,54.9917,-18.0451,85.4841,-66.208,-118.722,91.209,-35.1281,225.353,232.632,743.132,1252.76,696.553,2824.99,511.27,4476.2,410.219,104.965,-78.3057
876,56.1414,-14.0708,87.3049,-63.7889,-120.27,89.1561,-37.1852,225.023,231.556,743.468,1252.36,697.28,2824.89,511.848,4476.16,410.687,107.209,-78.4676
877,57.0043,-10.0246,89.0574,-61.3198,-121.783,87.0769,-39.2392,224.675,230.479,743.803,1251.95,698.006,2824.78,512.426,4476.11,411.154,109.406,-78.5963
878,57.5762,-5.92727,90.74,-58.8027,-123.26,84.972,-41.29,224.308,229.402,744.136,1251.55,698.732,2824.68,513.004,4476.07,411.622,111.56,-78.6932
879,57.854,-1.79963,92.3516,-56.2394,-124.701,82.842,-43.3372,223.922,228.324,744.467,1251.14,699.458,2824.57,513.582,4476.03,412.09,113.67,-78.7594
880,57.8363,2.33719,93.8908,-53.6322,-126.105,80.6875,-45.3809,223.518,227.246,744.797,1250.73,700.183,2824.46,514.16,4475.98,412.557,115.738,-78.7961
881,57.5233,6.46208,95.3564,-50.9828,-127.471,78.5093,-47.4207,223.095,226.167,745.125,1250.32,700.908,2824.36,514.738,4475.94,413.024,117.763,-78.8044
882,56.9166,10.554,96.7473,-48.2936,-128.8,76.3078,-49.4567,222.653,225.087,745.452,1249.92,701.634,2824.25,515.316,4475.9,413.492,119.748,-78.7852
883,56.0194,14.592,98.0623,-45.5664,-130.091,74.0838,-51.4884,222.192,224.008,745.777,1249.51,702.358,2824.15,515.894,4475.85,413.959,121.692,-78.7395
884,54.8361,18.5555,99.3006,-42.8036,-131.343,71.838,-53.5159,221.714,222.927,746.1,1249.1,703.083,2824.04,516.472,4475.81,414.427,123.597,-78.6681
885,53.373,22.4243,100.461,-40.0073,-132.557,69.5709,-55.5389,221.216,221.847,746.422,1248.69,703.807,2823.94,517.05,4475.77,414.894,125.463,-78.572
886,51.6374,26.1787,101.543,-37.1796,-133.731,67.2833,-57.5573,220.7,220.766,746.743,1248.28,704.532,2823.83,517.627,4475.72,415.362,127.291,-78.4519
887,49.6383,29.7995,102.545,-34.3227,-134.866,64.9758,-59.5708,220.166,219.684,747.062,1247.87,705.255,2823.72,518.205,4475.68,415.829,129.08,-78.3085
888,47.3859,33.2682,103.467,-31.439,-135.962,62.6492,-61.5794,219.613,218.602,747.379,1247.46,705.979,2823.62,518.783,4475.64,416.297,130.833,-78.1426
889,44.8918,36.5671,104.308,-28.5306,-137.017,60.304,-63.5828,219.042,217.519,747.695,1247.05,706.703,2823.51,519.361,4475.59,416.764,132.549,-77.9548
890,42.1686,39.6795,105.067,-25.5999,-138.031,57.941,-65.581,218.453,216.436,748.009,1246.64,707.426,2823.4,519.939,4475.55,417.232,134.229,-77.7457
891,39.2303,42.5895,105.743,-22.6492,-139.005,55.561,-67.5736,217.846,215.353,748.322,1246.23,708.149,2823.3,520.516,4475.51,417.699,135.873,-77.516
892,36.0919,45.2823,106.337,-19.6806,-139.938,53.1645,-69.5606,217.22,214.269,748.633,1245.81,708.871,2823.19,521.094,4475.46,418.167,137.482,-77.2663
893,32.7694,47.7441,106.848,-16.6967,-140.829,50.7523,-71.5418,216.576,213.185,748.942,1245.4,709.594,2823.08,521.672,4475.42,418.634,139.057,-76.997
894,29.2798,49.9624,107.275,-13.6997,-141.679,48.3251,-73.5171,215.914,212.1,749.25,1244.99,710.316,2822.98,522.249,4475.38,419.102,140.597,-76.7087
895,25.6408,51.9259,107.618,-10.692,-142.487,45.8837,-75.4861,215.234,211.015,749.556,1244.58,711.038,2822.87,522.827,4475.33,419.569,142.103,-76.4019
896,21.8712,53.6247,107.876,-7.67586,-143.253,43.4287,-77.4489,214.536,209.929,749.861,1244.16,711.76,2822.76,523.405,4475.29,420.036,143.576,-76.0771
897,17.99,55.0501,108.051,-4.65373,-143.976,40.9609,-79.4052,213.82,208.843,750.164,1243.75,712.481,2822.65,523.982,4475.24,420.504,145.015,-75.7347
898,14.0171,56.1948,108.14,-1.62796,-144.658,38.481,-81.3549,213.087,207.756,750.466,1243.33,713.203,2822.55,524.56,4475.2,420.971,146.422,-75.3752
899,9.97281,57.0531,108.145,1.39909,-145.296,35.9897,-83.2978,212.335,206.669,750.766,1242.92,713.924,2822.44,525.137,4475.16,421.439,147.796,-74.999
900,5.87765,57.6206,108.065,4.42505,-145.891,33.4878,-85.2337,211.566,205.582,751.064,1242.5,714.644,2822.33,525.715,4475.11,421.906,149.138,-74.6064
901,1.75254,57.8944,107.901,7.44754,-146.444,30.976,-87.1626,210.779,204.494,751.361,1242.09,715.365,2822.22,526.292,4475.07,422.373,150.448,-74.1979
902,-2.38151,57.8732,107.652,10.4642,-146.953,28.455,-89.0841,209.975,203.406,751.656,1241.67,716.085,2822.12,526.87,4475.02,422.841,151.727,-73.7738
903,-6.50342,57.557,107.319,13.4727,-147.418,25.9257,-90.9982,209.153,202.317,751.95,1241.25,716.805,2822.01,527.447,4474.98,423.308,152.974,-73.3345
904,-10.5922,56.9476,106.901,16.4706,-147.84,23.3887,-92.9047,208.313,201.228,752.242,1240.84,717.525,2821.9,528.025,4474.93,423.776,154.191,-72.8803
905,-14.627,56.0479,106.4,19.4556,-148.219,20.8448,-94.8034,207.456,200.138,752.533,1240.42,718.245,2821.79,528.602,4474.89,424.243,155.376,-72.4116
906,-18.5873,54.8627,105.816,22.4254,-148.553,18.2947,-96.6943,206.582,199.048,752.822,1240,718.964,2821.68,529.18,4474.85,424.71,156.531,-71.9286
907,-22.4528,53.398,105.149,25.3777,-148.844,15.7392,-98.577,205.691,197.958,753.109,1239.58,719.683,2821.57,529.757,4474.8,425.178,157.656,-71.4316
908,-26.204,51.6612,104.4,28.3101,-149.091,13.1791,-100.452,204.782,196.867,753.395,1239.16,720.402,2821.47,530.334,4474.76,425.645,158.75,-70.9211
909,-29.8216,49.6612,103.569,31.2203,-149.294,10.6151,-102.318,203.857,195.776,753.679,1238.74,721.121,2821.36,530.912,4474.71,426.112,159.814,-70.3971
910,-33.2874,47.4082,102.657,34.1061,-149.452,8.0479,-104.175,202.914,194.684,753.962,1238.32,721.839,2821.25,531.489,4474.67,426.58,160.849,-69.86
911,-36.5835,44.9137,101.664,36.9652,-149.567,5.47836,-106.024,201.954,193.592,754.243,1237.9,722.557,2821.14,532.066,4474.62,427.047,161.855,-69.3102
912,-39.6933,42.1903,100.592,39.7954,-149.637,2.90721,-107.864,200.978,192.499,754.523,1237.48,723.275,2821.03,532.644,4474.58,427.515,162.83,-68.7477
913,-42.6008,39.252,99.4414,42.5945,-149.663,0.335203,-109.695,199.985,191.407,754.8,1237.06,723.993,2820.92,533.221,4474.53,427.982,163.777,-68.1729
914,-45.2913,36.1137,98.2128,45.3602,-149.645,-2.2369,-111.517,198.975,190.313,755.077,1236.64,724.71,2820.81,533.798,4474.49,428.449,164.695,-67.586
915,-47.751,32.7915,96.9074,48.0904,-149.582,-4.80835,-113.33,197.948,189.22,755.352,1236.22,725.427,2820.7,534.375,4474.44,428.917,165.583,-66.9872
916,-49.9675,29.3022,95.5262,50.783,-149.476,-7.37837,-115.133,196.905,188.126,755.625,1235.8,726.144,2820.59,534.952,4474.4,429.384,166.443,-66.3767
917,-51.9294,25.6635,94.0702,53.4359,-149.325,-9.94621,-116.926,195.846,187.031,755.896,1235.37,726.861,2820.48,535.53,4474.35,429.851,167.274,-65.7549
918,-53.6266,21.8941,92.5407,56.0469,-149.13,-12.5111,-118.71,194.77,185.936,756.166,1234.95,727.577,2820.37,536.107,4474.31,430.319,168.077,-65.1218
919,-55.0506,18.0132,90.9387,58.6142,-148.891,-15.0723,-120.484,193.678,184.841,756.435,1234.53,728.294,2820.26,536.684,4474.26,430.786,168.851,-64.4777
920,-56.1941,14.0404,89.2656,61.1355,-148.608,-17.629,-122.248,192.569,183.745,756.701,1234.1,729.009,2820.15,537.261,4474.22,431.253,169.597,-63.8228
921,-57.0512,9.99612,87.5227,63.6091,-148.281,-20.1806,-124.001,191.445,182.649,756.967,1233.68,729.725,2820.04,537.838,4474.17,431.721,170.315,-63.1572
922,-57.6175,5.90088,85.7113,66.0329,-147.91,-22.7261,-125.744,190.305,181.553,757.23,1233.25,730.441,2819.93,538.415,4474.13,432.188,171.004,-62.4812
923,-57.8901,1.77556,83.8329,68.4051,-147.495,-25.265,-127.477,189.148,180.456,757.492,1232.83,731.156,2819.82,538.992,4474.08,432.655,171.666,-61.795
924,-57.8677,-2.3588,81.889,70.7237,-147.037,-27.7964,-129.199,187.976,179.359,757.753,1232.4,731.871,2819.71,539.569,4474.04,433.122,172.299,-61.0987
925,-57.5503,-6.48115,79.881,72.9871,-146.536,-30.3195,-130.91,186.789,178.262,758.012,1231.98,732.586,2819.6,540.146,4473.99,433.59,172.905,-60.3924
926,-56.9394,-10.5704,77.8105,75.1934,-145.991,-32.8337,-132.611,185.585,177.164,758.269,1231.55,733.3,2819.49,540.723,4473.95,434.057,173.482,-59.6764
927,-56.0383,-14.6058,75.6792,77.3409,-145.402,-35.3382,-134.3,184.367,176.065,758.525,1231.13,734.014,2819.38,541.3,4473.9,434.524,174.032,-58.9509
928,-54.8514,-18.5668,73.4887,79.4279,-144.771,-37.8322,-135.978,183.132,174.967,758.779,1230.7,734.728,2819.27,541.877,4473.86,434.992,174.554,-58.2159
929,-53.3848,-22.433,71.2408,81.4529,-144.097,-40.315,-137.645,181.883,173.868,759.031,1230.27,735.442,2819.15,542.454,4473.81,435.459,175.048,-57.4716
930,-51.6459,-26.1848,68.9371,83.4141,-143.381,-42.786,-139.3,180.618,172.768,759.282,1229.84,736.155,2819.04,543.031,4473.76,435.926,175.515,-56.7183
931,-49.6436,-29.8031,66.5796,85.3102,-142.622,-45.2442,-140.943,179.339,171.669,759.532,1229.41,736.869,2818.93,543.607,4473.72,436.393,175.954,-55.956
932,-47.388,-33.2693,64.17,87.1395,-141.821,-47.6891,-142.575,178.044,170.569,759.779,1228.98,737.582,2818.82,544.184,4473.67,436.861,176.365,-55.1849
933,-44.8907,-36.5658,61.7103,88.9008,-140.978,-50.1199,-144.195,176.734,169.468,760.025,1228.56,738.294,2818.71,544.761,4473.63,437.328,176.748,-54.4051
934,-42.1643,-39.6757,59.2023,90.5925,-140.093,-52.5358,-145.803,175.41,168.367,760.27,1228.13,739.007,2818.6,545.338,4473.58,437.795,177.104,-53.6168
935,-39.2228,-42.5832,56.6481,92.2135,-139.167,-54.9362,-147.399,174.071,167.266,760.513,1227.7,739.719,2818.49,545.914,4473.54,438.262,177.432,-52.8201
936,-36.0811,-45.2733,54.0496,93.7624,-138.199,-57.3204,-148.982,172.718,166.165,760.754,1227.27,740.431,2818.37,546.491,4473.49,438.73,177.732,-52.0152
937,-32.7552,-47.7324,51.4088,95.238,-137.191,-59.6876,-150.553,171.35,165.063,760.994,1226.83,741.143,2818.26,547.068,4473.44,439.197,178.005,-51.2022
938,-29.2622,-49.9478,48.7279,96.6392,-136.142,-62.0371,-152.111,169.967,163.96,761.232,1226.4,741.854,2818.15,547.645,4473.4,439.664,178.25,-50.3811
939,-25.6197,-51.9082,46.0089,97.9648,-135.053,-64.3683,-153.657,168.571,162.858,761.469,1225.97,742.565,2818.04,548.221,4473.35,440.131,178.467,-49.5522
940,-21.8465,-53.6036,43.2539,99.214,-133.924,-66.6804,-155.19,167.161,161.755,761.704,1225.54,743.276,2817.92,548.798,4473.31,440.599,178.656,-48.7156
941,-17.9617,-55.0253,40.4652,100.386,-132.755,-68.9729,-156.71,165.736,160.652,761.937,1225.11,743.987,2817.81,549.374,4473.26,441.066,178.817,-47.8714
942,-13.9852,-56.1661,37.6448,101.479,-131.547,-71.2449,-158.216,164.298,159.548,762.169,1224.67,744.698,2817.7,549.951,4473.21,441.533,178.951,-47.0197
943,-9.9373,-57.02,34.795,102.493,-130.3,-73.4958,-159.71,162.846,158.444,762.399,1224.24,745.408,2817.59,550.528,4473.17,442,179.056,-46.1606
944,-5.83863,-57.5826,31.9181,103.426,-129.015,-75.7249,-161.19,161.38,157.34,762.627,1223.81,746.118,2817.47,551.104,4473.12,442.467,179.133,-45.2944
945,-1.71013,-57.8512,29.0162,104.279,-127.691,-77.9317,-162.657,159.901,156.236,762.854,1223.37,746.828,2817.36,551.681,4473.07,442.935,179.183,-44.4209
946,2.42711,-57.8242,26.0916,105.051,-126.33,-80.1154,-164.11,158.409,155.131,763.08,1222.94,747.537,2817.25,552.257,4473.03,443.402,179.204,-43.5405
947,6.55195,-57.5018,23.1467,105.741,-124.931,-82.2754,-165.55,156.903,154.025,763.304,1222.5,748.246,2817.13,552.834,4472.98,443.869,179.196,-42.6533
948,10.6433,-56.8857,20.1836,106.347,-123.495,-84.411,-166.976,155.385,152.92,763.526,1222.07,748.955,2817.02,553.41,4472.93,444.336,179.161,-41.7592
949,14.6803,-55.9789,17.2048,106.871,-122.023,-86.5217,-168.387,153.853,151.814,763.746,1221.63,749.664,2816.91,553.987,4472.89,444.803,179.096,-40.8585
950,18.6423,-54.7862,14.2126,107.312,-120.514,-88.6067,-169.785,152.309,150.708,763.965,1221.19,750.373,2816.79,554.563,4472.84,445.27,179.004,-39.9513
951,22.509,-53.3135,11.2093,107.668,-118.97,-90.6655,-171.169,150.751,149.601,764.183,1220.76,751.081,2816.68,555.139,4472.8,445.738,178.882,-39.0377
952,26.2607,-51.5683,8.19722,107.941,-117.391,-92.6975,-172.538,149.181,148.495,764.398,1220.32,751.789,2816.56,555.716,4472.75,446.205,178.731,-38.1177
953,29.8782,-49.5597,5.17874,108.129,-115.777,-94.702,-173.893,147.599,147.387,764.612,1219.88,752.496,2816.45,556.292,4472.7,446.672,178.552,-37.1916
954,33.3431,-47.2978,2.15622,108.233,-114.128,-96.6785,-175.233,146.005,146.28,764.825,1219.45,753.204,2816.34,556.868,4472.65,447.139,178.343,-36.2594
955,36.6375,-44.7942,-0.867989,108.252,-112.446,-98.6264,-176.558,144.398,145.172,765.036,1219.01,753.911,2816.22,557.445,4472.61,447.606,178.105,-35.3212
956,39.7448,-42.0617,-3.89152,108.187,-110.731,-100.545,-177.869,142.779,144.064,765.245,1218.57,754.618,2816.11,558.021,4472.56,448.073,177.838,-34.3772
957,42.6489,-39.1143,-6.912,108.037,-108.982,-102.434,-179.165,141.148,142.956,765.453,1218.13,755.325,2815.99,558.597,4472.51,448.541,177.541,-33.4275
958,45.3351,-35.967,-9.92709,107.803,-107.202,-104.292,-180.447,139.506,141.847,765.659,1217.69,756.031,2815.88,559.173,4472.47,449.008,177.214,-32.4721
959,47.7897,-32.6359,-12.9344,107.485,-105.39,-106.12,-181.713,137.852,140.738,765.864,1217.25,756.737,2815.76,559.75,4472.42,449.475,176.857,-31.5112
960,50,-29.138,-15.9317,107.082,-103.546,-107.916,-182.964,136.186,139.629,766.066,1216.81,757.443,2815.65,560.326,4472.37,449.942,176.47,-30.545
961,51.9549,-25.4913,-18.9165,106.597,-101.672,-109.681,-184.199,134.509,138.519,766.268,1216.37,758.149,2815.53,560.902,4472.33,450.409,176.052,-29.5734
962,53.6443,-21.7143,-21.8865,106.028,-99.7678,-111.412,-185.419,132.821,137.41,766.467,1215.93,758.855,2815.42,561.478,4472.28,450.876,175.604,-28.5968
963,55.0596,-17.8263,-24.8394,105.376,-97.834,-113.111,-186.624,131.121,136.3,766.666,1215.49,759.56,2815.3,562.054,4472.23,451.343,175.125,-27.6151
964,56.1937,-13.8473,-27.773,104.642,-95.8712,-114.777,-187.813,129.411,135.189,766.862,1215.04,760.265,2815.19,562.63,4472.18,451.81,174.615,-26.6284
965,57.0406,-9.79755,-30.6849,103.826,-93.88,-116.408,-188.987,127.69,134.078,767.057,1214.6,760.969,2815.07,563.206,4472.14,452.277,174.073,-25.637
966,57.5962,-5.69775,-33.5728,102.929,-91.861,-118.005,-190.144,125.958,132.968,767.25,1214.16,761.674,2814.96,563.782,4472.09,452.745,173.5,-24.641
967,57.8576,-1.56884,-36.4345,101.952,-89.8148,-119.567,-191.286,124.216,131.856,767.442,1213.72,762.378,2814.84,564.358,4472.04,453.212,172.895,-23.6404
968,57.8235,2.56809,-39.2678,100.895,-87.742,-121.093,-192.412,122.463,130.745,767.632,1213.27,763.082,2814.73,564.934,4471.99,453.679,172.257,-22.6353
969,57.4941,6.6919,-42.0704,99.7599,-85.6432,-122.584,-193.522,120.7,129.633,767.82,1212.83,763.785,2814.61,565.51,4471.95,454.146,171.587,-21.626
970,56.8711,10.7815,-44.8401,98.5466,-83.519,-124.038,-194.615,118.927,128.521,768.007,1212.38,764.489,2814.49,566.086,4471.9,454.613,170.884,-20.6126
971,55.9577,14.8161,-47.5749,97.2563,-81.37,-125.455,-195.693,117.144,127.409,768.192,1211.94,765.192,2814.38,566.662,4471.85,455.08,170.148,-19.5952
972,54.7586,18.7751,-50.2725,95.8901,-79.197,-126.836,-196.754,115.352,126.296,768.376,1211.49,765.895,2814.26,567.238,4471.8,455.547,169.378,-18.5738
973,53.2799,22.6382,-52.9309,94.4491,-77.0005,-128.178,-197.798,113.549,125.183,768.558,1211.05,766.597,2814.14,567.814,4471.76,456.014,168.575,-17.5488
974,51.5293,26.3857,-55.548,92.9343,-74.7812,-129.483,-198.826,111.737,124.07,768.738,1210.6,767.3,2814.03,568.39,4471.71,456.481,167.737,-16.5202
975,49.5157,29.9986,-58.1217,91.347,-72.5397,-130.749,-199.838,109.916,122.957,768.917,1210.15,768.002,2813.91,568.965,4471.66,456.948,166.864,-15.4882
976,47.2493,33.4584,-60.6501,89.6885,-70.2767,-131.977,-200.832,108.086,121.843,769.094,1209.71,768.704,2813.79,569.541,4471.61,457.415,165.957,-14.4529
977,44.7419,36.7474,-63.1311,87.9599,-67.9929,-133.166,-201.81,106.247,120.729,769.27,1209.26,769.405,2813.68,570.117,4471.57,457.882,165.013,-13.4145
978,42.0062,39.849,-65.5628,86.1626,-65.6889,-134.315,-202.772,104.398,119.615,769.443,1208.81,770.107,2813.56,570.693,4471.52,458.349,164.034,-12.3732
979,39.0561,42.7472,-67.9434,84.2981,-63.3655,-135.424,-203.716,102.542,118.501,769.616,1208.36,770.808,2813.44,571.268,4471.47,458.816,163.018,-11.3291
980,35.9068,45.4274,-70.2709,82.3678,-61.0233,-136.493,-204.643,100.676,117.386,769.786,1207.92,771.508,2813.33,571.844,4471.42,459.283,161.965,-10.2825
981,32.5744,47.8759,-72.5436,80.3732,-58.663,-137.522,-205.553,98.8022,116.271,769.955,1207.47,772.209,2813.21,572.42,4471.37,459.75,160.875,-9.23347
982,29.0759,50.0802,-74.7596,78.3159,-56.2853,-138.509,-206.446,96.9201,115.156,770.123,1207.02,772.909,2813.09,572.995,4471.33,460.217,159.746,-8.18226
983,25.429,52.0291,-76.9173,76.1975,-53.8909,-139.456,-207.322,95.0298,114.04,770.289,1206.57,773.609,2812.97,573.571,4471.28,460.684,158.579,-7.12907
984,21.6525,53.7128,-79.015,74.0196,-51.4805,-140.362,-208.18,93.1317,112.925,770.453,1206.12,774.309,2812.86,574.147,4471.23,461.151,157.373,-6.0741
985,17.7657,55.1226,-81.051,71.7839,-49.0549,-141.226,-209.021,91.2257,111.809,770.616,1205.67,775.009,2812.74,574.722,4471.18,461.618,156.126,-5.0176
986,13.7882,56.2513,-83.0237,69.4921,-46.6148,-142.048,-209.845,89.3122,110.693,770.777,1205.22,775.708,2812.62,575.298,4471.13,462.085,154.84,-3.95979
987,9.74045,57.0933,-84.9316,67.1462,-44.1608,-142.827,-210.65,87.3912,109.577,770.936,1204.76,776.407,2812.5,575.873,4471.08,462.552,153.511,-2.90093
988,5.64305,57.6444,-86.7732,64.7478,-41.6937,-143.565,-211.439,85.4628,108.46,771.094,1204.31,777.105,2812.38,576.449,4471.04,463.019,152.141,-1.84127
989,1.5169,57.9016,-88.5471,62.2989,-39.2143,-144.26,-212.21,83.5274,107.343,771.25,1203.86,777.804,2812.27,577.024,4470.99,463.486,150.728,-0.781098
990,-2.61699,57.8637,-90.2518,59.8013,-36.7232,-144.912,-212.963,81.585,106.226,771.404,1203.41,778.502,2812.15,577.6,4470.94,463.953,149.271,0.279305
991,-6.73754,57.531,-91.8861,57.2571,-34.2212,-145.521,-213.698,79.6357,105.109,771.557,1202.95,779.2,2812.03,578.175,4470.89,464.42,147.77,1.33962
992,-10.8238,56.9051,-93.4487,54.6682,-31.7091,-146.087,-214.415,77.6798,103.992,771.708,1202.5,779.898,2811.91,578.751,4470.84,464.887,146.224,2.39953
993,-14.8548,55.9893,-94.9383,52.0366,-29.1876,-146.61,-215.115,75.7175,102.874,771.858,1202.05,780.595,2811.79,579.326,4470.79,465.354,144.631,3.45868
994,-18.8102,54.7883,-96.3538,49.3644,-26.6574,-147.089,-215.796,73.7488,101.756,772.006,1201.59,781.292,2811.67,579.901,4470.74,465.821,142.991,4.51669
995,-22.6698,53.3081,-97.6941,46.6536,-24.1194,-147.525,-216.46,71.7739,100.638,772.153,1201.14,781.989,2811.55,580.477,4470.69,466.288,141.302,5.57318
996,-26.4138,51.5563,-98.9581,43.9064,-21.5741,-147.917,-217.105,69.7931,99.5196,772.297,1200.68,782.686,2811.43,581.052,4470.65,466.755,139.564,6.62771
997,-30.0233,49.5419,-100.145,41.125,-19.0225,-148.265,-217.732,67.8064,98.4011,772.44,1200.23,783.382,2811.32,581.627,4470.6,467.222,137.776,7.67984
998,-33.4799,47.2751,-101.253,38.3114,-16.4652,-148.569,-218.341,65.814,97.2824,772.582,1199.77,784.078,2811.2,582.203,4470.55,467.689,135.935,8.72907
999,-36.7659,44.7675,-102.283,35.4679,-13.9031,-148.828,-218.932,63.8162,96.1635,772.722,1199.32,784.774,2811.08,582.778,4470.5,468.156,134.041,9.77487
1000,-39.8646,42.0319,-103.232,32.5967,-11.3368,-149.044,-219.505,61.813,95.0444,772.86,1198.86,785.47,2810.96,583.353,4470.45,468.623,132.092,10.8167
1001,-42.7603,39.0821,-104.101,29.7001,-8.76717,-149.216,-220.059,59.8047,93.925,772.997,1198.4,786.165,2810.84,583.928,4470.4,469.09,130.087,11.8539
1002,-45.4381,35.9332,-104.889,26.7803,-6.19493,-149.343,-220.595,57.7914,92.8055,773.132,1197.94,786.86,2810.72,584.503,4470.35,469.557,128.025,12.8858
1003,-47.8845,32.6014,-105.595,23.8396,-3.62085,-149.426,-221.112,55.7732,91.6858,773.265,1197.49,787.555,2810.6,585.078,4470.3,470.024,125.902,13.9118
1004,-50.0869,29.1034,-106.218,20.8803,-1.04569,-149.465,-221.611,53.7504,90.5659,773.397,1197.03,788.249,2810.48,585.654,4470.25,470.49,123.719,14.9309
1005,-52.0341,25.4571,-106.759,17.9046,1.52978,-149.459,-222.091,51.7231,89.4458,773.527,1196.57,788.943,2810.36,586.229,4470.2,470.957,121.472,15.9424
1006,-53.7163,21.6812,-107.216,14.915,4.10479,-149.409,-222.553,49.6915,88.3255,773.656,1196.11,789.637,2810.24,586.804,4470.16,471.424,119.159,16.9453
1007,-55.1248,17.7948,-107.589,11.9137,6.67858,-149.315,-222.996,47.6557,87.205,773.783,1195.65,790.331,2810.12,587.379,4470.11,471.891,116.779,17.9386
1008,-56.2524,13.8178,-107.878,8.90314,9.2504,-149.176,-223.421,45.616,86.0844,773.908,1195.19,791.025,2810,587.954,4470.06,472.358,114.329,18.9211
1009,-57.0935,9.77033,-108.083,5.88561,11.8195,-148.993,-223.827,43.5724,84.9636,774.032,1194.73,791.718,2809.88,588.529,4470.01,472.825,111.805,19.8915
1010,-57.6435,5.67309,-108.204,2.86349,14.385,-148.766,-224.214,41.5252,83.8425,774.154,1194.27,792.411,2809.75,589.104,4469.96,473.292,109.207,20.8485
1011,-57.8998,1.54693,-108.24,-0.160872,16.9463,-148.495,-224.582,39.4745,82.7214,774.275,1193.81,793.103,2809.63,589.679,4469.91,473.759,106.529,21.7904
1012,-57.8611,-2.5871,-108.191,-3.1851,19.5026,-148.179,-224.932,37.4206,81.6,774.393,1193.35,793.796,2809.51,590.254,4469.86,474.225,103.769,22.7155
1013,-57.5274,-6.70794,-108.058,-6.20685,22.0531,-147.82,-225.263,35.3635,80.4785,774.511,1192.89,794.488,2809.39,590.829,4469.81,474.692,100.924,23.6218
1014,-56.9005,-10.7946,-107.841,-9.22374,24.597,-147.417,-225.575,33.3034,79.3568,774.626,1192.42,795.18,2809.27,591.403,4469.76,475.159,97.9885,24.5071
1015,-55.9835,-14.8262,-107.539,-12.2334,27.1336,-146.97,-225.868,31.2406,78.2349,774.74,1191.96,795.871,2809.15,591.978,4469.71,475.626,94.959,25.3688
1016,-54.7811,-18.7822,-107.154,-15.2335,29.6622,-146.479,-226.143,29.1752,77.1129,774.852,1191.5,796.563,2809.03,592.553,4469.66,476.093,91.8303,26.204
1017,-53.2993,-22.6425,-106.684,-18.2218,32.182,-145.945,-226.398,27.1073,75.9907,774.963,1191.03,797.254,2808.91,593.128,4469.61,476.56,88.5971,27.0093
1018,-51.5458,-26.3873,-106.131,-21.1957,34.6922,-145.368,-226.635,25.0372,74.8683,775.072,1190.57,797.944,2808.78,593.703,4469.56,477.027,85.2534,27.7809
1019,-49.5294,-29.9975,-105.495,-24.1532,37.1921,-144.747,-226.852,22.9649,73.7458,775.18,1190.11,798.635,2808.66,594.277,4469.51,477.493,81.7924,28.5143
1020,-47.2604,-33.4547,-104.777,-27.0917,39.681,-144.084,-227.051,20.8908,72.6232,775.286,1189.64,799.325,2808.54,594.852,4469.46,477.96,78.2067,29.2041
1021,-44.7503,-36.7413,-103.977,-30.0091,42.1581,-143.377,-227.231,18.8149,71.5003,775.39,1189.18,800.015,2808.42,595.427,4469.41,478.427,74.4877,29.8441
1022,-42.0118,-39.8404,-103.096,-32.903,44.6228,-142.629,-227.391,16.7374,70.3774,775.492,1188.71,800.705,2808.3,596.001,4469.36,478.894,70.6258,30.4267
1023,-39.0591,-42.7362,-102.134,-35.7711,47.0741,-141.838,-227.533,14.6586,69.2543,775.593,1188.24,801.394,2808.17,596.576,4469.31,479.361,66.6099,30.9429
1024,-35.907,-45.414,-101.092,-38.6114,49.5115,-141.004,-227.656,12.5785,68.131,775.693,1187.78,802.083,2808.05,597.151,4469.26,479.827,62.4272,31.3815
1025,-32.5717,-47.86,-99.9711,-41.4214,51.9342,-140.129,-227.759,10.4973,67.0076,775.79,1187.31,802.772,2807.93,597.725,4469.21,480.294,58.063,31.7286
1026,-29.0701,-50.0617,-98.7721,-44.199,54.3415,-139.213,-227.844,8.41533,65.8841,775.886,1186.84,803.461,2807.81,598.3,4469.16,480.761,53.5,31.9668
1027,-25.4201,-52.0078,-97.4959,-46.9421,56.7326,-138.255,-227.909,6.33262,64.7604,775.981,1186.38,804.149,2807.68,598.874,4469.11,481.228,48.7177,32.0737
1028,-21.6404,-53.6885,-96.1434,-49.6485,59.1069,-137.255,-227.956,4.24938,63.6366,776.074,1185.91,804.837,2807.56,599.449,4469.06,481.695,43.6918,32.0195
1029,-17.7502,-55.095,-94.7158,-52.3161,61.4637,-136.216,-227.983,2.16578,62.5126,776.165,1185.44,805.525,2807.44,600.023,4469.01,482.161,38.393,31.7645
1030,-13.7693,-56.2202,-93.2141,-54.9427,63.8022,-135.135,-227.992,0.0820095,61.3886,776.254,1184.97,806.213,2807.31,600.598,4468.96,482.628,32.7862,31.2532
1031,-9.71814,-57.0583,-91.6395,-57.5264,66.1217,-134.015,-227.981,-2.00177,60.2644,776.342,1184.5,806.9,2807.19,601.172,4468.91,483.095,26.8293,30.4054
1032,-5.61733,-57.605,-89.9932,-60.0651,68.4217,-132.855,-227.951,-4.08538,59.14,776.428,1184.03,807.587,2807.07,601.747,4468.86,483.562,20.4735,29.1002
1033,-1.48783,-57.8575,-88.2766,-62.5568,70.7013,-131.655,-227.902,-6.16865,58.0156,776.513,1183.56,808.274,2806.94,602.321,4468.81,484.028,13.6687,27.1444
1034,2.64926,-57.8145,-86.4909,-64.9996,72.9599,-130.417,-227.835,-8.2514,56.891,776.596,1183.09,808.96,2806.82,602.896,4468.75,484.495,6.38994,24.21
1035,6.77283,-57.476,-84.6375,-67.3915,75.1969,-129.139,-227.748,-10.3335,55.7663,776.678,1182.62,809.646,2806.7,603.47,4468.7,484.962,-1.25528,19.7102
1036,10.8618,-56.844,-82.718,-69.7308,77.4116,-127.824,-227.642,-12.4147,54.6415,776.757,1182.15,810.332,2806.57,604.044,4468.65,485.429,-8.60223,12.6622
1037,14.8953,-55.9215,-80.7337,-72.0154,79.6033,-126.47,-227.517,-14.4948,53.5165,776.835,1181.68,811.018,2806.45,604.619,4468.6,485.895,-13.4597,2.43758
1038,18.8526,-54.7133,-78.6862,-74.2437,81.7713,-125.079,-227.373,-16.5738,52.3915,776.912,1181.21,811.703,2806.33,605.193,4468.55,486.362,-13.6211,-8.6991
1039,22.7136,-53.2255,-76.5772,-76.414,83.9151,-123.65,-227.21,-18.6513,51.2664,776.987,1180.73,812.388,2806.2,605.767,4468.5,486.829,-10.541,-18.0723
1040,26.4586,-51.4658,-74.4083,-78.5244,86.0339,-122.185,-227.028,-20.7273,50.1411,777.06,1180.26,813.073,2806.08,606.341,4468.45,487.295,-6.21383,-25.518
1041,30.0684,-49.443,-72.1811,-80.5734,88.1273,-120.684,-226.827,-22.8016,49.0157,777.132,1179.79,813.757,2805.95,606.915,4468.4,487.762,-1.50676,-31.5537
1042,33.5245,-47.1676,-69.8975,-82.5593,90.1944,-119.147,-226.607,-24.8739,47.8903,777.202,1179.32,814.442,2805.83,607.49,4468.35,488.229,3.26187,-36.5856
1043,36.8092,-44.6511,-67.5592,-84.4806,92.2348,-117.574,-226.368,-26.9442,46.7647,777.27,1178.84,815.126,2805.7,608.064,4468.3,488.696,7.97074,-40.8788
1044,39.9059,-41.9064,-65.1679,-86.3358,94.2478,-115.967,-226.11,-29.0122,45.639,777.337,1178.37,815.809,2805.58,608.638,4468.24,489.162,12.5726,-44.6069
1045,42.7986,-38.9476,-62.7257,-88.1234,96.2328,-114.325,-225.833,-31.0778,44.5133,777.402,1177.89,816.493,2805.45,609.212,4468.19,489.629,17.0503,-47.8882
1046,45.4726,-35.7897,-60.2344,-89.8421,98.1892,-112.649,-225.537,-33.1408,43.3874,777.465,1177.42,817.176,2805.33,609.786,4468.14,490.096,21.3998,-50.8066
1047,47.9142,-32.4489,-57.6959,-91.4904,100.117,-110.94,-225.223,-35.201,42.2615,777.527,1176.94,817.859,2805.2,610.36,4468.09,490.562,25.623,-53.4233
1048,50.1109,-28.9423,-55.1122,-93.067,102.014,-109.198,-224.889,-37.2583,41.1355,777.587,1176.47,818.542,2805.08,610.934,4468.04,491.029,29.7242,-55.7847
1049,52.0516,-25.2878,-52.4854,-94.5709,103.881,-107.423,-224.537,-39.3124,40.0093,777.646,1175.99,819.224,2804.95,611.508,4467.99,491.496,33.7089,-57.9266
1050,53.7263,-21.504,-49.8175,-96.0006,105.718,-105.617,-224.166,-41.3633,38.8831,777.703,1175.51,819.906,2804.83,612.082,4467.94,491.962,37.5826,-59.8775
1051,55.1264,-17.6104,-47.1106,-97.3552,107.523,-103.779,-223.777,-43.4107,37.7569,777.758,1175.04,820.588,2804.7,612.656,4467.89,492.429,41.3509,-61.6601
1052,56.2449,-13.6268,-44.3669,-98.6336,109.296,-101.91,-223.368,-45.4545,36.6305,777.812,1174.56,821.269,2804.58,613.23,4467.83,492.896,45.019,-63.2932
1053,57.076,-9.57355,-41.5883,-99.8347,111.037,-100.011,-222.941,-47.4944,35.5041,777.864,1174.08,821.95,2804.45,613.804,4467.78,493.362,48.592,-64.7922
1054,57.6155,-5.47141,-38.7772,-100.958,112.744,-98.0827,-222.495,-49.5304,34.3775,777.914,1173.6,822.631,2804.32,614.378,4467.73,493.829,52.0743,-66.1702
1055,57.8607,-1.34131,-35.9357,-102.002,114.419,-96.125,-222.031,-51.5623,33.251,777.963,1173.12,823.312,2804.2,614.951,4467.68,494.296,55.4701,-67.4383
1056,57.8103,2.79564,-33.0661,-102.965,116.059,-94.1387,-221.548,-53.5898,32.1243,778.01,1172.64,823.992,2804.07,615.525,4467.63,494.762,58.7834,-68.606
1057,57.4646,6.91831,-30.1706,-103.849,117.665,-92.1245,-221.047,-55.6129,30.9976,778.056,1172.16,824.673,2803.95,616.099,4467.58,495.229,62.0177,-69.6814
1058,56.8255,11.0057,-27.2515,-104.651,119.236,-90.0829,-220.527,-57.6313,29.8708,778.1,1171.68,825.352,2803.82,616.673,4467.52,495.695,65.1762,-70.6716
1059,55.8961,15.0368,-24.311,-105.371,120.771,-88.0146,-219.988,-59.6448,28.7439,778.142,1171.2,826.032,2803.69,617.247,4467.47,496.162,68.2621,-71.583
1060,54.6814,18.9912,-21.3514,-106.008,122.271,-85.9202,-219.431,-61.6534,27.617,778.182,1170.72,826.711,2803.57,617.82,4467.42,496.629,71.2781,-72.4211
1061,53.1874,22.8485,-18.3751,-106.563,123.734,-83.8002,-218.856,-63.6568,26.4901,778.221,1170.24,827.39,2803.44,618.394,4467.37,497.095,74.2267,-73.1907
1062,51.4219,26.5893,-15.3845,-107.034,125.161,-81.6554,-218.263,-65.6549,25.3631,778.259,1169.76,828.069,2803.31,618.968,4467.32,497.562,77.1105,-73.8963
1063,49.3939,30.1943,-12.3817,-107.421,126.55,-79.4863,-217.651,-67.6475,24.236,778.294,1169.28,828.748,2803.19,619.541,4467.26,498.028,79.9315,-74.5418
1064,47.1138,33.6452,-9.36931,-107.723,127.902,-77.2937,-217.021,-69.6345,23.1089,778.329,1168.8,829.426,2803.06,620.115,4467.21,498.495,82.6918,-75.1306
1065,44.5933,36.9244,-6.34954,-107.942,129.216,-75.0781,-216.373,-71.6156,21.9817,778.361,1168.31,830.104,2802.93,620.688,4467.16,498.962,85.3934,-75.6661
1066,41.8452,40.0152,-3.3248,-108.076,130.492,-72.8402,-215.707,-73.5907,20.8545,778.392,1167.83,830.781,2802.8,621.262,4467.11,499.428,88.038,-76.151
1067,38.8836,42.9018,-0.29745,-108.125,131.729,-70.5807,-215.022,-75.5596,19.7272,778.421,1167.35,831.459,2802.68,621.835,4467.05,499.895,90.6273,-76.5882
1068,35.7236,45.5696,2.73013,-108.089,132.926,-68.3002,-214.32,-77.5223,18.5999,778.449,1166.86,832.136,2802.55,622.409,4467,500.361,93.1628,-76.9798
1069,32.3814,48.0049,5.75558,-107.969,134.085,-65.9995,-213.6,-79.4784,17.4726,778.474,1166.38,832.812,2802.42,622.982,4466.95,500.828,95.6461,-77.3283
1070,28.874,50.1953,8.77651,-107.764,135.203,-63.6791,-212.862,-81.4279,16.3452,778.499,1165.9,833.489,2802.29,623.556,4466.9,501.294,98.0784,-77.6355
1071,25.2194,52.1298,11.7906,-107.475,136.282,-61.3399,-212.106,-83.3706,15.2178,778.521,1165.41,834.165,2802.17,624.129,4466.84,501.761,100.461,-77.9035
1072,21.4361,53.7984,14.7954,-107.101,137.32,-58.9825,-211.332,-85.3063,14.0903,778.542,1164.93,834.841,2802.04,624.703,4466.79,502.228,102.795,-78.1338
1073,17.5436,55.1927,17.7886,-106.644,138.317,-56.6075,-210.541,-87.2348,12.9628,778.562,1164.44,835.517,2801.91,625.276,4466.74,502.694,105.082,-78.3282
1074,13.5616,56.3057,20.7679,-106.103,139.273,-54.2158,-209.732,-89.1561,11.8353,778.58,1163.95,836.192,2801.78,625.849,4466.69,503.161,107.323,-78.4882
1075,9.51054,57.1316,23.7309,-105.478,140.188,-51.808,-208.905,-91.0699,10.7078,778.596,1163.47,836.867,2801.65,626.423,4466.63,503.627,109.518,-78.615
1076,5.41096,57.6663,26.6753,-104.771,141.061,-49.3847,-208.061,-92.976,9.58026,778.61,1162.98,837.542,2801.52,626.996,4466.58,504.094,111.669,-78.71
1077,1.28381,57.9071,29.5987,-103.982,141.892,-46.9469,-207.2,-94.8744,8.4527,778.623,1162.49,838.217,2801.4,627.569,4466.53,504.56,113.777,-78.7744
1078,-2.84989,57.8528,32.499,-103.112,142.681,-44.4951,-206.321,-96.7649,7.32511,778.634,1162,838.891,2801.27,628.143,4466.48,505.027,115.842,-78.8094
1079,-6.96907,57.5037,35.3738,-102.16,143.428,-42.0301,-205.425,-98.6472,6.19751,778.644,1161.52,839.565,2801.14,628.716,4466.42,505.493,117.866,-78.816
1080,-11.0527,56.8615,38.2209,-101.129,144.133,-39.5526,-204.512,-100.521,5.0699,778.652,1161.03,840.238,2801.01,629.289,4466.37,505.96,119.848,-78.7952
1081,-15.0801,55.9297,41.038,-100.018,144.794,-37.0634,-203.581,-102.387,3.94227,778.658,1160.54,840.912,2800.88,629.862,4466.32,506.426,121.791,-78.7479
1082,-19.0306,54.7129,43.8229,-98.8284,145.413,-34.5632,-202.634,-104.244,2.81464,778.663,1160.05,841.585,2800.75,630.435,4466.26,506.893,123.693,-78.6751
1083,-22.8842,53.2174,46.5735,-97.5616,145.988,-32.0527,-201.67,-106.092,1.687,778.666,1159.56,842.258,2800.62,631.008,4466.21,507.359,125.557,-78.5774
1084,-26.6212,51.4508,49.2875,-96.2183,146.52,-29.5327,-200.688,-107.932,0.559362,778.667,1159.07,842.93,2800.49,631.581,4466.16,507.826,127.383,-78.4559
1085,-30.2226,49.4221,51.9629,-94.7996,147.009,-27.004,-199.69,-109.762,-0.56828,778.667,1158.58,843.603,2800.36,632.154,4466.1,508.292,129.171,-78.3111
1086,-33.67,47.1416,54.5976,-93.3066,147.454,-24.4672,-198.675,-111.584,-1.69592,778.665,1158.09,844.275,2800.23,632.727,4466.05,508.759,130.921,-78.1438
1087,-36.9459,44.6211,57.1894,-91.7403,147.855,-21.9232,-197.644,-113.395,-2.82356,778.662,1157.6,844.946,2800.1,633.3,4466,509.225,132.635,-77.9546
1088,-40.0337,41.8732,59.7364,-90.1022,148.213,-19.3726,-196.596,-115.198,-3.95119,778.656,1157.11,845.618,2799.97,633.873,4465.94,509.691,134.313,-77.7443
1089,-42.9175,38.9121,62.2366,-88.3934,148.526,-16.8164,-195.532,-116.991,-5.07881,778.65,1156.61,846.289,2799.84,634.446,4465.89,510.158,135.956,-77.5133
1090,-45.5827,35.7527,64.688,-86.6153,148.796,-14.2551,-194.451,-118.774,-6.20642,778.641,1156.12,846.96,2799.71,635.019,4465.84,510.624,137.563,-77.2623
1091,-48.0158,32.4113,67.0886,-84.7693,149.021,-11.6896,-193.354,-120.547,-7.33402,778.631,1155.63,847.63,2799.58,635.592,4465.78,511.091,139.136,-76.9918
1092,-50.2042,28.9047,69.4367,-82.8568,149.202,-9.12066,-192.24,-122.309,-8.4616,778.62,1155.14,848.3,2799.45,636.165,4465.73,511.557,140.674,-76.7023
1093,-52.1369,25.251,71.7302,-80.8793,149.339,-6.54899,-191.111,-124.062,-9.58917,778.606,1154.64,848.97,2799.32,636.738,4465.68,512.024,142.178,-76.3943
1094,-53.8041,21.4685,73.9676,-78.8384,149.431,-3.97538,-189.966,-125.804,-10.7167,778.591,1154.15,849.64,2799.19,637.311,4465.62,512.49,143.649,-76.0684
1095,-55.1971,17.5768,76.1469,-76.7357,149.48,-1.40058,-188.804,-127.536,-11.8442,778.575,1153.65,850.31,2799.06,637.884,4465.57,512.957,145.087,-75.7248
1096,-56.309,13.5955,78.2666,-74.5728,149.483,1.17463,-187.627,-129.257,-12.9717,778.557,1153.16,850.979,2798.93,638.456,4465.52,513.423,146.492,-75.3642
1097,-57.134,9.5449,80.3249,-72.3514,149.443,3.74949,-186.434,-130.967,-14.0992,778.537,1152.66,851.648,2798.8,639.029,4465.46,513.889,147.864,-74.9869
1098,-57.6678,5.44569,82.3201,-70.0733,149.358,6.32324,-185.226,-132.667,-15.2266,778.515,1152.17,852.316,2798.67,639.602,4465.41,514.356,149.205,-74.5932
1099,-57.9078,1.31874,84.2509,-67.7403,149.229,8.89512,-184.002,-134.355,-16.354,778.492,1151.67,852.984,2798.54,640.174,4465.35,514.822,150.513,-74.1837
1100,-57.8528,-2.81493,86.1156,-65.3541,149.056,11.4644,-182.762,-136.032,-17.4814,778.467,1151.18,853.652,2798.4,640.747,4465.3,515.289,151.79,-73.7585
1101,-57.5029,-6.93425,87.9127,-62.9167,148.838,14.0302,-181.508,-137.697,-18.6088,778.441,1150.68,854.32,2798.27,641.32,4465.25,515.755,153.036,-73.3182
1102,-56.8599,-11.0182,89.6409,-60.43,148.577,16.5919,-180.238,-139.351,-19.736,778.413,1150.18,854.987,2798.14,641.892,4465.19,516.221,154.251,-72.863
1103,-55.9271,-15.046,91.2989,-57.8959,148.271,19.1487,-178.953,-140.993,-20.8633,778.383,1149.68,855.655,2798.01,642.465,4465.14,516.688,155.434,-72.3933
1104,-54.7091,-18.9971,92.8852,-55.3163,147.921,21.6998,-177.653,-142.624,-21.9905,778.352,1149.19,856.321,2797.88,643.037,4465.08,517.154,156.588,-71.9093
1105,-53.2123,-22.8514,94.3988,-52.6935,147.528,24.2444,-176.338,-144.242,-23.1177,778.319,1148.69,856.988,2797.75,643.61,4465.03,517.62,157.711,-71.4114
1106,-51.4441,-26.5891,95.8383,-50.0292,147.09,26.7819,-175.008,-145.849,-24.2448,778.285,1148.19,857.654,2797.61,644.182,4464.98,518.087,158.803,-70.8998
1107,-49.4136,-30.1913,97.2027,-47.3258,146.61,29.3114,-173.664,-147.443,-25.3719,778.249,1147.69,858.32,2797.48,644.755,4464.92,518.553,159.866,-70.3749
1108,-47.1311,-33.6394,98.4908,-44.5853,146.085,31.8323,-172.305,-149.025,-26.4989,778.211,1147.19,858.986,2797.35,645.327,4464.87,519.019,160.9,-69.837
1109,-44.6082,-36.916,99.7018,-41.8098,145.518,34.3437,-170.932,-150.594,-27.6258,778.171,1146.69,859.651,2797.22,645.9,4464.81,519.486,161.903,-69.2862
1110,-41.8577,-40.0043,100.835,-39.0015,144.907,36.8449,-169.544,-152.151,-28.7527,778.13,1146.19,860.316,2797.08,646.472,4464.76,519.952,162.878,-68.7228
1111,-38.8937,-42.8884,101.888,-36.1627,144.253,39.3352,-168.142,-153.695,-29.8796,778.088,1145.69,860.981,2796.95,647.044,4464.7,520.418,163.823,-68.1471
1112,-35.7312,-45.5538,102.862,-33.2955,143.557,41.8139,-166.726,-155.226,-31.0063,778.043,1145.19,861.646,2796.82,647.617,4464.65,520.885,164.739,-67.5593
1113,-32.3864,-47.9866,103.756,-30.4022,142.818,44.2802,-165.296,-156.744,-32.133,777.997,1144.69,862.31,2796.69,648.189,4464.6,521.351,165.626,-66.9596
1114,-28.8763,-50.1745,104.567,-27.4851,142.036,46.7333,-163.852,-158.249,-33.2597,777.95,1144.19,862.974,2796.55,648.761,4464.54,521.817,166.484,-66.3484
1115,-25.2187,-52.1064,105.297,-24.5464,141.213,49.1726,-162.395,-159.741,-34.3862,777.9,1143.68,863.638,2796.42,649.334,4464.49,522.284,167.314,-65.7256
1116,-21.4325,-53.7722,105.945,-21.5885,140.348,51.5974,-160.924,-161.219,-35.5127,777.85,1143.18,864.301,2796.29,649.906,4464.43,522.75,168.115,-65.0917
1117,-17.5368,-55.1635,106.509,-18.6137,139.441,54.0068,-159.439,-162.684,-36.6392,777.797,1142.68,864.964,2796.15,650.478,4464.38,523.216,168.888,-64.4468
1118,-13.5516,-56.2731,106.99,-15.6242,138.493,56.4003,-157.941,-164.135,-37.7655,777.743,1142.18,865.627,2796.02,651.05,4464.32,523.683,169.632,-63.7911
1119,-9.49716,-57.0953,107.387,-12.6226,137.503,58.777,-156.43,-165.572,-38.8918,777.687,1141.67,866.289,2795.89,651.622,4464.27,524.149,170.348,-63.1247
1120,-5.39422,-57.6259,107.7,-9.61101,136.473,61.1363,-154.906,-166.996,-40.018,777.63,1141.17,866.951,2795.75,652.194,4464.21,524.615,171.036,-62.4479
1121,-1.26374,-57.8622,107.929,-6.59192,135.403,63.4775,-153.368,-168.405,-41.1441,777.571,1140.66,867.613,2795.62,652.767,4464.16,525.081,171.696,-61.7609
1122,2.8732,-57.803,108.073,-3.56765,134.293,65.7999,-151.818,-169.801,-42.2701,777.51,1140.16,868.275,2795.48,653.339,4464.1,525.548,172.328,-61.0637
1123,6.99547,-57.4484,108.132,-0.54059,133.142,68.1029,-150.255,-171.182,-43.396,777.448,1139.65,868.936,2795.35,653.911,4464.05,526.014,172.932,-60.3567
1124,11.082,-56.8003,108.106,2.4869,131.953,70.3856,-148.68,-172.548,-44.5218,777.384,1139.15,869.597,2795.22,654.483,4463.99,526.48,173.508,-59.64
1125,15.1119,-55.862,107.996,5.51244,130.724,72.6475,-147.092,-173.901,-45.6476,777.318,1138.64,870.258,2795.08,655.055,4463.94,526.946,174.057,-58.9136
1126,19.0646,-54.6382,107.802,8.53366,129.456,74.8879,-145.491,-175.239,-46.7732,777.251,1138.14,870.918,2794.95,655.627,4463.88,527.413,174.577,-58.1779
1127,22.9198,-53.1352,107.522,11.5482,128.151,77.1061,-143.879,-176.562,-47.8988,777.182,1137.63,871.579,2794.81,656.198,4463.83,527.879,175.07,-57.4329
1128,26.6579,-51.3607,107.159,14.5537,126.807,79.3015,-142.254,-177.87,-49.0242,777.112,1137.12,872.238,2794.68,656.77,4463.77,528.345,175.535,-56.6788
1129,30.2598,-49.3237,106.712,17.5478,125.425,81.4734,-140.618,-179.163,-50.1496,777.04,1136.61,872.898,2794.54,657.342,4463.72,528.811,175.972,-55.9158
1130,33.7071,-47.0346,106.181,20.5282,124.007,83.6212,-138.97,-180.441,-51.2748,776.966,1136.11,873.557,2794.41,657.914,4463.66,529.278,176.382,-55.144
1131,36.982,-44.5051,105.567,23.4924,122.552,85.7442,-137.31,-181.705,-52.3999,776.891,1135.6,874.216,2794.27,658.486,4463.61,529.744,176.764,-54.3635
1132,40.068,-41.7481,104.87,26.4383,121.06,87.8418,-135.638,-182.952,-53.5249,776.814,1135.09,874.875,2794.14,659.058,4463.55,530.21,177.118,-53.5745
1133,42.9491,-38.7778,104.091,29.3635,119.533,89.9134,-133.955,-184.185,-54.6499,776.735,1134.58,875.533,2794,659.629,4463.49,530.676,177.445,-52.7771
1134,45.6107,-35.6092,103.23,32.2657,117.97,91.9584,-132.261,-185.402,-55.7746,776.655,1134.07,876.191,2793.87,660.201,4463.44,531.142,177.743,-51.9715
1135,48.0392,-32.2587,102.289,35.1426,116.373,93.9762,-130.556,-186.604,-56.8993,776.573,1133.56,876.849,2793.73,660.773,4463.38,531.609,178.015,-51.1577
1136,50.2222,-28.7432,101.268,37.9921,114.74,95.9662,-128.84,-187.79,-58.0239,776.49,1133.05,877.507,2793.6,661.345,4463.33,532.075,178.258,-50.336
1137,52.1485,-25.0809,100.167,40.8117,113.074,97.9277,-127.113,-188.96,-59.1483,776.404,1132.54,878.164,2793.46,661.916,4463.27,532.541,178.473,-49.5064
1138,53.8082,-21.2903,98.9881,43.5995,111.375,99.8603,-125.376,-190.114,-60.2726,776.318,1132.03,878.821,2793.33,662.488,4463.22,533.007,178.661,-48.6691
1139,55.193,-17.391,97.7315,46.353,109.642,101.763,-123.627,-191.253,-61.3968,776.229,1131.52,879.477,2793.19,663.059,4463.16,533.473,178.821,-47.8243
1140,56.2957,-13.4028,96.3984,49.0704,107.877,103.636,-121.869,-192.375,-62.5208,776.139,1131.01,880.134,2793.05,663.631,4463.1,533.939,178.953,-46.9719
1141,57.1107,-9.34606,94.9899,51.7493,106.081,105.478,-120.1,-193.481,-63.6448,776.048,1130.49,880.79,2792.92,664.202,4463.05,534.406,179.057,-46.1122
1142,57.634,-5.2416,93.5071,54.3877,104.252,107.29,-118.322,-194.571,-64.7686,775.954,1129.98,881.445,2792.78,664.774,4462.99,534.872,179.133,-45.2453
1143,57.8627,-1.11035,91.951,56.9835,102.393,109.069,-116.533,-195.645,-65.8922,775.86,1129.47,882.101,2792.64,665.345,4462.94,535.338,179.18,-44.3712
1144,57.7958,3.02658,90.3231,59.5348,100.504,110.816,-114.734,-196.702,-67.0157,775.763,1128.96,882.756,2792.51,665.917,4462.88,535.804,179.2,-43.4902
1145,57.4337,7.14805,88.6244,62.0394,98.5846,112.53,-112.926,-197.743,-68.1391,775.665,1128.44,883.411,2792.37,666.488,4462.82,536.27,179.191,-42.6023
1146,56.7782,11.233,86.8564,64.4956,96.6363,114.211,-111.109,-198.767,-69.2623,775.565,1127.93,884.065,2792.23,667.06,4462.77,536.736,179.154,-41.7076
1147,55.8327,15.2606,85.0204,66.9012,94.6594,115.858,-109.282,-199.774,-70.3854,775.464,1127.41,884.72,2792.1,667.631,4462.71,537.202,179.088,-40.8063
1148,54.6021,19.2102,83.1179,69.2546,92.6545,117.471,-107.446,-200.765,-71.5083,775.361,1126.9,885.374,2791.96,668.202,4462.66,537.668,178.993,-39.8985
1149,53.0927,23.0618,81.1504,71.5537,90.6221,119.049,-105.601,-201.739,-72.6311,775.256,1126.38,886.027,2791.82,668.774,4462.6,538.135,178.87,-38.9842
1150,51.3121,26.7956,79.1194,73.7969,88.563,120.592,-103.747,-202.696,-73.7538,775.15,1125.87,886.68,2791.69,669.345,4462.54,538.601,178.718,-38.0637
1151,49.2696,30.3926,77.0265,75.9824,86.4777,122.099,-101.884,-203.636,-74.8762,775.042,1125.35,887.334,2791.55,669.916,4462.49,539.067,178.537,-37.137
1152,46.9757,33.8345,74.8733,78.1084,84.3668,123.57,-100.013,-204.558,-75.9986,774.932,1124.84,887.986,2791.41,670.488,4462.43,539.533,178.327,-36.2042
1153,44.4419,37.1037,72.6616,80.1734,82.2309,125.005,-98.1333,-205.464,-77.1207,774.821,1124.32,888.639,2791.27,671.059,4462.37,539.999,178.087,-35.2654
1154,41.6813,40.1836,70.3931,82.1756,80.0708,126.402,-96.2455,-206.352,-78.2427,774.708,1123.8,889.291,2791.14,671.63,4462.32,540.465,177.818,-34.3209
1155,38.7081,43.0584,68.0696,84.1136,77.8869,127.763,-94.3496,-207.223,-79.3645,774.594,1123.29,889.943,2791,672.201,4462.26,540.931,177.52,-33.3705
1156,35.5373,45.7135,65.6928,85.9859,75.68,129.085,-92.4457,-208.077,-80.4862,774.478,1122.77,890.594,2790.86,672.772,4462.2,541.397,177.191,-32.4146
1157,32.1853,48.1354,63.2646,87.7909,73.4508,130.369,-90.5342,-208.913,-81.6077,774.36,1122.25,891.246,2790.72,673.343,4462.15,541.863,176.833,-31.4532
1158,28.6691,50.3118,60.787,89.5272,71.1998,131.615,-88.615,-209.732,-82.729,774.241,1121.73,891.896,2790.58,673.914,4462.09,542.329,176.444,-30.4864
1159,25.0067,52.2316,58.2619,91.1936,68.9277,132.822,-86.6884,-210.533,-83.8502,774.12,1121.21,892.547,2790.45,674.485,4462.03,542.795,176.024,-29.5143
1160,21.2168,53.885,55.6912,92.7887,66.6353,133.989,-84.7545,-211.316,-84.9712,773.998,1120.69,893.197,2790.31,675.056,4461.98,543.261,175.574,-28.5371
1161,17.3187,55.2637,53.077,94.3113,64.3232,135.117,-82.8135,-212.082,-86.092,773.873,1120.17,893.847,2790.17,675.627,4461.92,543.727,175.094,-27.5549
1162,13.3322,56.3607,50.4213,95.7602,61.9921,136.205,-80.8655,-212.83,-87.2126,773.748,1119.65,894.497,2790.03,676.198,4461.86,544.193,174.582,-26.5678
1163,9.27787,57.1703,47.7262,97.1342,59.6426,137.253,-78.9108,-213.56,-88.333,773.62,1119.13,895.147,2789.89,676.769,4461.81,544.659,174.038,-25.5759
1164,5.17621,57.6886,44.9938,98.4323,57.2755,138.26,-76.9494,-214.272,-89.4533,773.491,1118.61,895.796,2789.75,677.34,4461.75,545.125,173.463,-24.5793
1165,1.04817,57.9128,42.2262,99.6535,54.8915,139.227,-74.9815,-214.966,-90.5733,773.36,1118.09,896.445,2789.61,677.911,4461.69,545.591,172.856,-23.5782
1166,-3.08522,57.8419,39.4257,100.797,52.4912,140.152,-73.0074,-215.642,-91.6932,773.228,1117.57,897.093,2789.48,678.482,4461.64,546.057,172.217,-22.5727
1167,-7.20288,57.4763,36.5943,101.861,50.0755,141.035,-71.0272,-216.3,-92.8129,773.094,1117.05,897.741,2789.34,679.053,4461.58,546.523,171.545,-21.5629
1168,-11.2838,56.8179,33.7344,102.846,47.6449,141.877,-69.0409,-216.94,-93.9324,772.959,1116.52,898.389,2789.2,679.623,4461.52,546.989,170.84,-20.549
1169,-15.3073,55.87,30.8481,103.751,45.2003,142.678,-67.0489,-217.561,-95.0516,772.822,1116,899.037,2789.06,680.194,4461.46,547.455,170.102,-19.5311
1170,-19.2528,54.6374,27.9376,104.575,42.7423,143.436,-65.0513,-218.165,-96.1707,772.683,1115.48,899.684,2788.92,680.765,4461.41,547.921,169.331,-18.5094
1171,-23.1002,53.1266,25.0054,105.317,40.2716,144.151,-63.0481,-218.75,-97.2896,772.542,1114.96,900.331,2788.78,681.335,4461.35,548.387,168.525,-17.4839
1172,-26.83,51.3451,22.0537,105.976,37.7891,144.824,-61.0397,-219.316,-98.4083,772.4,1114.43,900.978,2788.64,681.906,4461.29,548.853,167.685,-16.4549
1173,-30.4231,49.3022,19.0847,106.553,35.2954,145.454,-59.0262,-219.864,-99.5268,772.257,1113.91,901.624,2788.5,682.477,4461.23,549.319,166.811,-15.4224
1174,-33.8613,47.0081,16.1008,107.047,32.7913,146.041,-57.0077,-220.394,-100.645,772.112,1113.38,902.271,2788.36,683.047,4461.18,549.785,165.901,-14.3867
1175,-37.127,44.4746,13.1043,107.457,30.2775,146.586,-54.9844,-220.905,-101.763,771.965,1112.86,902.916,2788.22,683.618,4461.12,550.251,164.956,-13.3479
1176,-40.2036,41.7147,10.0976,107.783,27.7547,147.086,-52.9566,-221.398,-102.881,771.816,1112.33,903.562,2788.08,684.188,4461.06,550.717,163.974,-12.3063
1177,-43.0755,38.7422,7.08305,108.025,25.2237,147.544,-50.9242,-221.872,-103.999,771.666,1111.81,904.207,2787.94,684.759,4461,551.183,162.956,-11.2618
1178,-45.728,35.5725,4.06294,108.183,22.6853,147.957,-48.8876,-222.327,-105.116,771.514,1111.28,904.852,2787.8,685.329,4460.95,551.649,161.901,-10.2148
1179,-48.1476,32.2217,1.03965,108.256,20.1402,148.327,-46.8469,-222.764,-106.233,771.361,1110.75,905.497,2787.66,685.9,4460.89,552.115,160.809,-9.16543
1180,-50.3221,28.7067,-1.98444,108.245,17.5892,148.654,-44.8022,-223.182,-107.35,771.206,1110.23,906.141,2787.52,686.47,4460.83,552.581,159.678,-8.11389
1181,-52.2402,25.0456,-5.00698,108.149,15.0329,148.936,-42.7538,-223.581,-108.467,771.049,1109.7,906.785,2787.37,687.041,4460.77,553.047,158.509,-7.06037
1182,-53.8923,21.2568,-8.02562,107.969,12.4722,149.174,-40.7018,-223.962,-109.583,770.891,1109.17,907.429,2787.23,687.611,4460.71,553.513,157.3,-6.00511
1183,-55.2699,17.3599,-11.038,107.704,9.90781,149.368,-38.6463,-224.324,-110.7,770.731,1108.64,908.072,2787.09,688.182,4460.66,553.979,156.052,-4.94831
1184,-56.366,13.3745,-14.0417,107.356,7.34049,149.519,-36.5877,-224.666,-111.816,770.57,1108.12,908.715,2786.95,688.752,4460.6,554.445,154.762,-3.89023
1185,-57.1749,9.32096,-17.0345,106.923,4.77101,149.625,-34.5259,-224.99,-112.931,770.407,1107.59,909.358,2786.81,689.322,4460.54,554.91,153.432,-2.83111
1186,-57.6927,5.21996,-20.014,106.407,2.20012,149.686,-32.4613,-225.295,-114.047,770.242,1107.06,910,2786.67,689.892,4460.48,555.376,152.059,-1.77122
1187,-57.9165,1.09237,-22.9779,105.809,-0.371423,149.704,-30.3939,-225.582,-115.162,770.076,1106.53,910.642,2786.53,690.463,4460.42,555.842,150.643,-0.710819
1188,-57.8452,-3.04078,-25.9238,105.127,-2.94286,149.677,-28.324,-225.849,-116.277,769.908,1106,911.284,2786.39,691.033,4460.37,556.308,149.184,0.349783
1189,-57.4792,-7.15843,-28.8496,104.364,-5.51342,149.607,-26.2517,-226.097,-117.392,769.738,1105.47,911.926,2786.24,691.603,4460.31,556.774,147.681,1.41028
1190,-56.8203,-11.2396,-31.7528,103.519,-8.08236,149.492,-24.1771,-226.326,-118.507,769.567,1104.94,912.567,2786.1,692.173,4460.25,557.24,146.132,2.47034
1191,-55.8718,-15.2635,-34.6312,102.593,-10.6489,149.333,-22.1006,-226.536,-119.621,769.395,1104.41,913.208,2785.96,692.743,4460.19,557.706,144.536,3.52962
1192,-54.6386,-19.2096,-37.4826,101.587,-13.2123,149.129,-20.0222,-226.728,-120.735,769.22,1103.88,913.849,2785.82,693.313,4460.13,558.171,142.893,4.58774
1193,-53.1268,-23.0578,-40.3047,100.502,-15.7718,148.882,-17.9421,-226.9,-121.849,769.044,1103.34,914.489,2785.68,693.883,4460.07,558.637,141.202,5.64431
1194,-51.3442,-26.7884,-43.0954,99.3388,-18.3267,148.591,-15.8605,-227.053,-122.963,768.867,1102.81,915.129,2785.53,694.453,4460.02,559.103,139.461,6.69889
1195,-49.2998,-30.3824,-45.8525,98.0978,-20.8761,148.256,-13.7776,-227.187,-124.076,768.687,1102.28,915.769,2785.39,695.023,4459.96,559.569,137.669,7.75104
1196,-47.0041,-33.8215,-48.5738,96.7803,-23.4194,147.877,-11.6935,-227.302,-125.189,768.507,1101.75,916.408,2785.25,695.593,4459.9,560.035,135.826,8.80025
1197,-44.4686,-37.0881,-51.2572,95.3873,-25.9558,147.455,-9.60842,-227.397,-126.302,768.324,1101.21,917.047,2785.11,696.163,4459.84,560.501,133.928,9.846
1198,-41.7063,-40.1656,-53.9006,93.9199,-28.4845,146.989,-7.52255,-227.474,-127.415,768.14,1100.68,917.686,2784.96,696.733,4459.78,560.966,131.977,10.8877
1199,-38.7312,-43.0381,-56.5019,92.3793,-31.0048,146.48,-5.43604,-227.532,-128.527,767.954,1100.15,918.324,2784.82,697.303,4459.72,561.432,129.968,11.9248
1200,-35.5585,-45.6911,-59.0592,90.7665,-33.5159,145.927,-3.34908,-227.57,-129.639,767.767,1099.61,918.962,2784.68,697.873,4459.66,561.898,127.902,12.9566
1201,-32.2044,-48.1109,-61.5704,89.083,-36.0172,145.331,-1.26184,-227.589,-130.751,767.578,1099.08,919.6,2784.53,698.443,4459.6,562.364,125.777,13.9823
1202,-28.686,-50.2852,-64.0336,87.3299,-38.5078,144.693,0.825514,-227.59,-131.862,767.388,1098.54,920.238,2784.39,699.013,4459.55,562.83,123.589,15.0011
1203,-25.0211,-52.2028,-66.4468,85.5088,-40.9871,144.012,2.91279,-227.571,-132.973,767.196,1098.01,920.875,2784.25,699.582,4459.49,563.295,121.339,16.0123
1204,-21.2285,-53.854,-68.8082,83.6209,-43.4543,143.288,4.99983,-227.533,-134.084,767.002,1097.47,921.512,2784.1,700.152,4459.43,563.761,119.022,17.0148
1205,-17.3275,-55.2302,-71.1159,81.6678,-45.9086,142.522,7.08645,-227.475,-135.195,766.807,1096.94,922.148,2783.96,700.722,4459.37,564.227,116.638,18.0076
1206,-13.3381,-56.3244,-73.3681,79.651,-48.3494,141.714,9.17247,-227.399,-136.305,766.61,1096.4,922.785,2783.82,701.291,4459.31,564.693,114.184,18.9896
1207,-9.28053,-57.131,-75.5631,77.5721,-50.7759,140.864,11.2577,-227.304,-137.415,766.411,1095.86,923.421,2783.67,701.861,4459.25,565.159,111.656,19.9594
1208,-5.17557,-57.6458,-77.6992,75.4327,-53.1875,139.972,13.342,-227.189,-138.525,766.211,1095.32,924.056,2783.53,702.431,4459.19,565.624,109.053,20.9156
1209,-1.04418,-57.8661,-79.7746,73.2344,-55.5833,139.04,15.4252,-227.055,-139.634,766.009,1094.79,924.692,2783.38,703,4459.13,566.09,106.371,21.8567
1210,3.09254,-57.7909,-81.7878,70.979,-57.9628,138.066,17.5071,-226.903,-140.744,765.806,1094.25,925.327,2783.24,703.57,4459.07,566.556,103.606,22.7808
1211,7.21347,-57.4204,-83.7372,68.6682,-60.3251,137.051,19.5875,-226.731,-141.852,765.601,1093.71,925.961,2783.1,704.139,4459.01,567.021,100.756,23.6861
1212,11.2975,-56.7565,-85.6213,66.3039,-62.6697,135.996,21.6663,-226.54,-142.961,765.394,1093.17,926.596,2782.95,704.709,4458.95,567.487,97.8149,24.5701
1213,15.3239,-55.8026,-87.4386,63.8878,-64.9957,134.901,23.7432,-226.33,-144.069,765.186,1092.63,927.23,2782.81,705.278,4458.9,567.953,94.7798,25.4304
1214,19.2719,-54.5635,-89.1877,61.4219,-67.3026,133.766,25.8182,-226.101,-145.177,764.976,1092.09,927.864,2782.66,705.848,4458.84,568.419,91.6453,26.264
1215,23.1214,-53.0455,-90.8672,58.9081,-69.5896,132.592,27.8909,-225.853,-146.285,764.765,1091.55,928.497,2782.52,706.417,4458.78,568.884,88.406,27.0675
1216,26.8528,-51.2565,-92.4759,56.3484,-71.8561,131.379,29.9614,-225.586,-147.392,764.552,1091.01,929.13,2782.37,706.987,4458.72,569.35,85.0557,27.837
1217,30.4469,-49.2055,-94.0124,53.7447,-74.1014,130.126,32.0293,-225.301,-148.499,764.337,1090.47,929.763,2782.23,707.556,4458.66,569.816,81.5879,28.568
1218,33.8854,-46.9029,-95.4755,51.0991,-76.3248,128.836,34.0945,-224.996,-149.606,764.121,1089.93,930.396,2782.08,708.125,4458.6,570.281,77.9948,29.2551
1219,37.1507,-44.3606,-96.8642,48.4136,-78.5257,127.507,36.1569,-224.672,-150.713,763.903,1089.39,931.028,2781.94,708.695,4458.54,570.747,74.2679,29.892
1220,40.226,-41.5915,-98.1773,45.6903,-80.7035,126.141,38.2162,-224.329,-151.819,763.684,1088.85,931.66,2781.79,709.264,4458.48,571.213,70.3976,30.471
1221,43.0957,-38.6098,-99.4138,42.9314,-82.8574,124.737,40.2723,-223.968,-152.924,763.463,1088.31,932.292,2781.65,709.833,4458.42,571.678,66.3725,30.983
1222,45.7451,-35.4307,-100.573,40.139,-84.9869,123.297,42.325,-223.588,-154.03,763.24,1087.76,932.923,2781.5,710.402,4458.36,572.144,62.18,31.4166
1223,48.1607,-32.0705,-101.653,37.3153,-87.0913,121.82,44.3742,-223.189,-155.135,763.016,1087.22,933.554,2781.35,710.971,4458.3,572.61,57.8051,31.7579
1224,50.3301,-28.5464,-102.654,34.4625,-89.17,120.308,46.4196,-222.771,-156.24,762.79,1086.68,934.185,2781.21,711.541,4458.24,573.075,53.2303,31.9891
1225,52.2421,-24.8763,-103.576,31.5828,-91.2224,118.76,48.4611,-222.334,-157.344,762.563,1086.14,934.815,2781.06,712.11,4458.18,573.541,48.435,32.0874
1226,53.8871,-21.0791,-104.416,28.6785,-93.248,117.177,50.4986,-221.879,-158.449,762.334,1085.59,935.445,2780.92,712.679,4458.12,574.007,43.3946,32.0227
1227,55.2567,-17.1741,-105.175,25.7518,-95.2459,115.559,52.5318,-221.405,-159.552,762.103,1085.05,936.075,2780.77,713.248,4458.06,574.472,38.0796,31.7545
1228,56.3438,-13.1813,-105.851,22.805,-97.2158,113.907,54.5606,-220.912,-160.656,761.871,1084.5,936.704,2780.62,713.817,4458,574.938,32.4545,31.2262
1229,57.143,-9.12115,-106.445,19.8404,-99.1571,112.222,56.5848,-220.401,-161.759,761.637,1083.96,937.333,2780.48,714.386,4457.94,575.404,26.4769,30.3558
1230,57.6501,-5.01439,-106.956,16.8603,-101.069,110.503,58.6042,-219.871,-162.862,761.402,1083.41,937.962,2780.33,714.955,4457.88,575.869,20.0977,29.0195
1231,57.8626,-0.88199,-107.384,13.8671,-102.951,108.752,60.6187,-219.323,-163.964,761.165,1082.87,938.59,2780.18,715.524,4457.82,576.335,13.2673,27.0185
1232,57.7794,3.25491,-107.728,10.863,-104.803,106.969,62.6281,-218.757,-165.067,760.926,1082.32,939.218,2780.04,716.093,4457.76,576.8,5.96413,24.0147
1233,57.401,7.37519,-107.988,7.85047,-106.624,105.155,64.6323,-218.171,-166.168,760.686,1081.77,939.846,2779.89,716.662,4457.7,577.266,-1.68922,19.4023
1234,56.7293,11.4578,-108.163,4.83181,-108.413,103.309,66.631,-217.568,-167.27,760.444,1081.23,940.474,2779.74,717.23,4457.64,577.732,-8.97131,12.1812
1235,55.7678,15.4819,-108.254,1.80938,-110.171,101.433,68.6241,-216.946,-168.371,760.2,1080.68,941.101,2779.6,717.799,4457.58,578.197,-13.6004,1.81846
1236,54.5214,19.4268,-108.261,-1.21445,-111.896,99.5267,70.6114,-216.307,-169.472,759.955,1080.13,941.728,2779.45,718.368,4457.52,578.663,-13.5223,-9.26299
1237,52.9966,23.2726,-108.183,-4.23734,-113.588,97.5912,72.5928,-215.648,-170.572,759.709,1079.58,942.354,2779.3,718.937,4457.45,579.128,-10.3373,-18.5206
1238,51.2011,26.9995,-108.02,-7.25692,-115.246,95.627,74.5681,-214.972,-171.672,759.461,1079.04,942.981,2779.15,719.506,4457.39,579.594,-5.97699,-25.877
1239,49.1442,30.5886,-107.773,-10.2708,-116.87,93.6345,76.5372,-214.278,-172.772,759.211,1078.49,943.607,2779.01,720.074,4457.33,580.059,-1.26272,-31.8502
1240,46.8364,34.0215,-107.442,-13.2767,-118.46,91.6145,78.4997,-213.566,-173.871,758.959,1077.94,944.232,2778.86,720.643,4457.27,580.525,3.50363,-36.8373
1241,44.2895,37.2807,-107.028,-16.2722,-120.015,89.5674,80.4557,-212.835,-174.97,758.706,1077.39,944.857,2778.71,721.212,4457.21,580.991,8.20666,-41.097
1242,41.5165,40.3496,-106.529,-19.2551,-121.535,87.4939,82.405,-212.087,-176.068,758.452,1076.84,945.482,2778.56,721.78,4457.15,581.456,12.8014,-44.7992
1243,38.5317,43.2126,-105.948,-22.2228,-123.019,85.3946,84.3472,-211.321,-177.167,758.196,1076.29,946.107,2778.41,722.349,4457.09,581.922,17.2717,-48.0598
1244,35.3502,45.8551,-105.283,-25.1732,-124.466,83.2701,86.2824,-210.537,-178.264,757.938,1075.74,946.731,2778.27,722.917,4457.03,582.387,21.614,-50.9612
1245,31.9884,48.2637,-104.537,-28.104,-125.877,81.121,88.2104,-209.736,-179.362,757.679,1075.19,947.355,2778.12,723.486,4456.97,582.853,25.8302,-53.5637
1246,28.4633,50.426,-103.709,-31.0128,-127.251,78.948,90.1309,-208.916,-180.459,757.418,1074.64,947.979,2777.97,724.054,4456.91,583.318,29.9248,-55.913
1247,24.7931,52.3312,-102.799,-33.8974,-128.587,76.7517,92.0438,-208.08,-181.556,757.155,1074.09,948.602,2777.82,724.623,4456.85,583.784,33.9031,-58.0445
1248,20.9965,53.9694,-101.81,-36.7555,-129.885,74.5328,93.949,-207.226,-182.652,756.891,1073.53,949.225,2777.67,725.191,4456.78,584.249,37.7709,-59.9863
1249,17.0928,55.3325,-100.741,-39.5849,-131.145,72.2919,95.8463,-206.354,-183.748,756.625,1072.98,949.848,2777.52,725.76,4456.72,584.715,41.5336,-61.7608
1250,13.1019,56.4134,-99.5932,-42.3834,-132.366,70.0296,97.7355,-205.465,-184.843,756.358,1072.43,950.471,2777.37,726.328,4456.66,585.18,45.1964,-63.3867
1251,9.04422,57.2067,-98.3677,-45.1487,-133.548,67.7467,99.6165,-204.558,-185.939,756.089,1071.88,951.093,2777.23,726.896,4456.6,585.646,48.7643,-64.8793
1252,4.94046,57.7085,-97.0653,-47.8788,-134.69,65.4439,101.489,-203.635,-187.033,755.819,1071.32,951.714,2777.08,727.465,4456.54,586.111,52.2419,-66.2515
1253,0.81151,57.9161,-95.6871,-50.5714,-135.793,63.1217,103.353,-202.694,-188.128,755.547,1070.77,952.336,2776.93,728.033,4456.48,586.577,55.6332,-67.5143
1254,-3.32157,57.8285,-94.2341,-53.2246,-136.856,60.7809,105.209,-201.737,-189.222,755.273,1070.22,952.957,2776.78,728.601,4456.42,587.042,58.9421,-68.6771
1255,-7.43773,57.4463,-92.7075,-55.8361,-137.879,58.4221,107.055,-200.762,-190.315,754.998,1069.66,953.578,2776.63,729.169,4456.36,587.508,62.1723,-69.748
1256,-11.516,56.7714,-91.1084,-58.404,-138.861,56.0462,108.893,-199.77,-191.409,754.721,1069.11,954.198,2776.48,729.737,4456.29,587.973,65.327,-70.7341
1257,-15.5356,55.8073,-89.4381,-60.9263,-139.801,53.6537,110.721,-198.762,-192.501,754.443,1068.55,954.819,2776.33,730.306,4456.23,588.438,68.4091,-71.6417
1258,-19.476,54.5589,-87.6979,-63.4009,-140.701,51.2453,112.54,-197.737,-193.594,754.163,1068,955.438,2776.18,730.874,4456.17,588.904,71.4214,-72.4762
1259,-23.3173,53.0326,-85.8891,-65.8259,-141.559,48.8219,114.35,-196.695,-194.686,753.881,1067.44,956.058,2776.03,731.442,4456.11,589.369,74.3666,-73.2425
1260,-27.0398,51.2361,-84.0132,-68.1995,-142.375,46.384,116.15,-195.637,-195.777,753.598,1066.88,956.677,2775.88,732.01,4456.05,589.835,77.247,-73.9449
1261,-30.6246,49.1788,-82.0716,-70.5198,-143.15,43.9325,117.94,-194.562,-196.868,753.313,1066.33,957.296,2775.73,732.578,4455.99,590.3,80.0648,-74.5874
1262,-34.0534,46.8709,-80.0658,-72.7849,-143.882,41.468,119.72,-193.471,-197.959,753.027,1065.77,957.915,2775.58,733.146,4455.92,590.766,82.822,-75.1734
1263,-37.3088,44.3244,-77.9974,-74.9931,-144.571,38.9913,121.491,-192.364,-199.049,752.739,1065.21,958.533,2775.43,733.714,4455.86,591.231,85.5206,-75.7062
1264,-40.3742,41.5522,-75.8681,-77.1427,-145.218,36.503,123.251,-191.24,-200.139,752.45,1064.66,959.151,2775.28,734.282,4455.8,591.696,88.1623,-76.1887
1265,-43.234,38.5683,-73.6794,-79.2319,-145.822,34.004,125,-190.101,-201.229,752.159,1064.1,959.768,2775.13,734.85,4455.74,592.162,90.7488,-76.6234
1266,-45.8736,35.3881,-71.433,-81.2592,-146.383,31.495,126.739,-188.945,-202.318,751.866,1063.54,960.386,2774.98,735.418,4455.68,592.627,93.2816,-77.0128
1267,-48.2797,32.0277,-69.1308,-83.2229,-146.901,28.9766,128.468,-187.773,-203.407,751.572,1062.98,961.002,2774.83,735.985,4455.61,593.093,95.7622,-77.3591
1268,-50.4399,28.5042,-66.7745,-85.1215,-147.376,26.4497,130.185,-186.586,-204.495,751.276,1062.42,961.619,2774.67,736.553,4455.55,593.558,98.1919,-77.6642
1269,-52.3433,24.8355,-64.366,-86.9535,-147.807,23.915,131.892,-185.383,-205.583,750.979,1061.86,962.235,2774.52,737.121,4455.49,594.023,100.572,-77.9302
1270,-53.9801,21.0404,-61.9071,-88.7174,-148.194,21.3733,133.588,-184.164,-206.67,750.68,1061.3,962.851,2774.37,737.689,4455.43,594.489,102.904,-78.1586
1271,-55.342,17.1381,-59.3998,-90.412,-148.538,18.8252,135.272,-182.93,-207.757,750.379,1060.74,963.467,2774.22,738.256,4455.37,594.954,105.188,-78.3512
1272,-56.4221,13.1486,-56.8459,-92.0358,-148.838,16.2716,136.945,-181.681,-208.843,750.077,1060.18,964.082,2774.07,738.824,4455.3,595.419,107.427,-78.5093
1273,-57.2149,9.09205,-54.2476,-93.5875,-149.094,13.7132,138.606,-180.416,-209.929,749.773,1059.62,964.697,2773.92,739.392,4455.24,595.885,109.62,-78.6344
1274,-57.7162,4.98923,-51.6069,-95.066,-149.305,11.1508,140.256,-179.136,-211.015,749.468,1059.06,965.312,2773.77,739.959,4455.18,596.35,111.769,-78.7278
1275,-57.9235,0.860994,-48.9257,-96.4702,-149.473,8.58503,141.894,-177.841,-212.1,749.161,1058.5,965.926,2773.61,740.527,4455.12,596.815,113.874,-78.7906
1276,-57.8358,-3.27162,-46.2063,-97.7987,-149.597,6.01675,143.52,-176.531,-213.185,748.853,1057.94,966.54,2773.46,741.095,4455.05,597.281,115.937,-78.8241
1277,-57.4534,-7.38757,-43.4507,-99.0508,-149.676,3.4467,145.134,-175.206,-214.269,748.543,1057.37,967.154,2773.31,741.662,4454.99,597.746,117.959,-78.8292
1278,-56.7784,-11.4659,-40.661,-100.225,-149.712,0.875632,146.736,-173.867,-215.353,748.232,1056.81,967.767,2773.16,742.23,4454.93,598.211,119.939,-78.8069
1279,-55.814,-15.4858,-37.8396,-101.321,-149.703,-1.69569,148.326,-172.512,-216.436,747.918,1056.25,968.38,2773.01,742.797,4454.87,598.677,121.879,-78.7582
1280,-54.5652,-19.4267,-34.9885,-102.338,-149.65,-4.26651,149.902,-171.144,-217.519,747.604,1055.68,968.993,2772.85,743.365,4454.8,599.142,123.78,-78.684
1281,-53.0383,-23.2687,-32.11,-103.274,-149.553,-6.83608,151.467,-169.761,-218.602,747.288,1055.12,969.606,2772.7,743.932,4454.74,599.607,125.642,-78.585
1282,-51.241,-26.992,-29.2063,-104.13,-149.411,-9.40362,153.018,-168.363,-219.684,746.97,1054.56,970.218,2772.55,744.499,4454.68,600.072,127.466,-78.4622
1283,-49.1825,-30.5778,-26.2798,-104.904,-149.226,-11.9684,154.557,-166.952,-220.765,746.65,1053.99,970.829,2772.4,745.067,4454.61,600.538,129.252,-78.3161
1284,-46.8733,-34.0076,-23.3327,-105.596,-148.996,-14.5296,156.083,-165.526,-221.846,746.329,1053.43,971.441,2772.24,745.634,4454.55,601.003,131,-78.1476
1285,-44.3251,-37.264,-20.3673,-106.205,-148.722,-17.0865,157.595,-164.086,-222.927,746.007,1052.86,972.052,2772.09,746.201,4454.49,601.468,132.713,-77.9573
1286,-41.5508,-40.3304,-17.386,-106.731,-148.405,-19.6384,159.095,-162.633,-224.007,745.683,1052.3,972.663,2771.94,746.769,4454.43,601.934,134.389,-77.7457
1287,-38.5646,-43.1911,-14.391,-107.174,-148.044,-22.1845,160.581,-161.166,-225.086,745.357,1051.73,973.273,2771.78,747.336,4454.36,602.399,136.03,-77.5136
1288,-35.3816,-45.8315,-11.3848,-107.532,-147.639,-24.724,162.053,-159.685,-226.166,745.03,1051.16,973.883,2771.63,747.903,4454.3,602.864,137.635,-77.2615
1289,-32.0182,-48.238,-8.36967,-107.806,-147.19,-27.2563,163.512,-158.191,-227.244,744.701,1050.6,974.493,2771.48,748.47,4454.24,603.329,139.206,-76.9899
1290,-28.4914,-50.3984,-5.34797,-107.996,-146.698,-29.7805,164.957,-156.684,-228.323,744.371,1050.03,975.102,2771.32,749.037,4454.17,603.794,140.742,-76.6993
1291,-24.8191,-52.3016,-2.32208,-108.101,-146.162,-32.2958,166.388,-155.163,-229.4,744.039,1049.46,975.712,2771.17,749.604,4454.11,604.26,142.245,-76.3903
1292,-21.0202,-53.9378,0.705633,-108.122,-145.584,-34.8017,167.805,-153.63,-230.478,743.706,1048.9,976.32,2771.02,750.171,4454.05,604.725,143.714,-76.0633
1293,-17.114,-55.2987,3.73279,-108.057,-144.962,-37.2972,169.208,-152.083,-231.554,743.371,1048.33,976.929,2770.86,750.738,4453.98,605.19,145.151,-75.7188
1294,-13.1204,-56.3772,6.75702,-107.908,-144.298,-39.7818,170.597,-150.524,-232.631,743.034,1047.76,977.537,2770.71,751.305,4453.92,605.655,146.554,-75.3572
1295,-9.0598,-57.1679,9.77596,-107.674,-143.59,-42.2545,171.972,-148.952,-233.707,742.696,1047.19,978.145,2770.55,751.872,4453.86,606.121,147.925,-74.9788
1296,-4.95295,-57.6666,12.7872,-107.356,-142.841,-44.7148,173.332,-147.367,-234.782,742.356,1046.62,978.752,2770.4,752.439,4453.79,606.586,149.264,-74.5842
1297,-0.820799,-57.8708,15.7885,-106.954,-142.049,-47.1619,174.677,-145.771,-235.857,742.015,1046.05,979.359,2770.25,753.006,4453.73,607.051,150.57,-74.1737
1298,3.31554,-57.7794,18.7774,-106.468,-141.216,-49.5951,176.008,-144.161,-236.931,741.672,1045.48,979.966,2770.09,753.573,4453.67,607.516,151.846,-73.7477
1299,7.43495,-57.3928,21.7515,-105.899,-140.34,-52.0136,177.324,-142.54,-238.005,741.328,1044.91,980.573,2769.94,754.14,4453.6,607.981,153.09,-73.3065
1300,11.5164,-56.713,24.7086,-105.246,-139.423,-54.4167,178.625,-140.907,-239.078,740.982,1044.34,981.179,2769.78,754.707,4453.54,608.446,154.303,-72.8504
1301,15.5389,-55.7434,27.6463,-104.511,-138.465,-56.8037,179.911,-139.262,-240.151,740.635,1043.77,981.785,2769.63,755.274,4453.48,608.912,155.485,-72.3797
1302,19.4821,-54.4889,30.5624,-103.694,-137.466,-59.174,181.181,-137.605,-241.223,740.286,1043.2,982.39,2769.47,755.84,4453.41,609.377,156.637,-71.8949
1303,23.3257,-52.956,33.4544,-102.796,-136.427,-61.5268,182.437,-135.936,-242.295,739.935,1042.63,982.995,2769.32,756.407,4453.35,609.842,157.759,-71.3962
1304,27.0501,-51.1524,36.3203,-101.817,-135.347,-63.8613,183.677,-134.256,-243.367,739.583,1042.06,983.6,2769.16,756.974,4453.28,610.307,158.85,-70.8838
1305,30.6362,-49.0873,39.1576,-100.758,-134.227,-66.177,184.902,-132.565,-244.437,739.229,1041.48,984.205,2769.01,757.54,4453.22,610.772,159.911,-70.3581
1306,34.0657,-46.7714,41.9643,-99.6201,-133.067,-68.4732,186.111,-130.863,-245.508,738.874,1040.91,984.809,2768.85,758.107,4453.16,611.237,160.943,-69.8193
1307,37.3211,-44.2163,44.738,-98.4041,-131.868,-70.7491,187.305,-129.15,-246.577,738.517,1040.34,985.413,2768.7,758.674,4453.09,611.702,161.945,-69.2677
1308,40.3857,-41.4352,47.4767,-97.111,-130.63,-73.004,188.483,-127.425,-247.647,738.159,1039.77,986.016,2768.54,759.24,4453.03,612.167,162.918,-68.7035
1309,43.2438,-38.4423,50.1781,-95.7417,-129.354,-75.2374,189.645,-125.691,-248.715,737.799,1039.19,986.619,2768.38,759.807,4452.96,612.633,163.862,-68.127
1310,45.8808,-35.2528,52.8401,-94.2973,-128.039,-77.4486,190.791,-123.945,-249.784,737.438,1038.62,987.222,2768.23,760.373,4452.9,613.098,164.776,-67.5384
1311,48.2833,-31.8831,55.4607,-92.7789,-126.686,-79.6368,191.921,-122.189,-250.851,737.075,1038.04,987.825,2768.07,760.94,4452.84,613.563,165.662,-66.938
1312,50.439,-28.3505,58.0378,-91.1878,-125.296,-81.8015,193.034,-120.423,-251.919,736.71,1037.47,988.427,2767.92,761.506,4452.77,614.028,166.519,-66.326
1313,52.3367,-24.6728,60.5694,-89.5251,-123.869,-83.9421,194.132,-118.647,-252.985,736.344,1036.89,989.029,2767.76,762.073,4452.71,614.493,167.347,-65.7025
1314,53.967,-20.8691,63.0535,-87.7922,-122.405,-86.0577,195.213,-116.86,-254.051,735.976,1036.32,989.63,2767.6,762.639,4452.64,614.958,168.147,-65.0679
1315,55.3213,-16.9586,65.4881,-85.9904,-120.905,-88.148,196.278,-115.064,-255.117,735.607,1035.74,990.231,2767.45,763.205,4452.58,615.423,168.918,-64.4222
1316,56.3928,-12.9615,67.8713,-84.1212,-119.369,-90.2121,197.326,-113.258,-256.182,735.236,1035.17,990.832,2767.29,763.772,4452.51,615.888,169.661,-63.7658
1317,57.1761,-8.8981,70.2013,-82.1859,-117.798,-92.2496,198.358,-111.443,-257.246,734.864,1034.59,991.433,2767.13,764.338,4452.45,616.353,170.376,-63.0987
1318,57.6671,-4.78922,72.4761,-80.1862,-116.192,-94.2598,199.373,-109.618,-258.31,734.49,1034.01,992.033,2766.98,764.904,4452.39,616.818,171.063,-62.4212
1319,57.8634,-0.655869,74.6942,-78.1236,-114.552,-96.2421,200.371,-107.784,-259.374,734.115,1033.44,992.633,2766.82,765.47,4452.32,617.283,171.721,-61.7335
1320,57.764,3.48084,76.8536,-75.9997,-112.878,-98.196,201.353,-105.941,-260.437,733.738,1032.86,993.232,2766.66,766.036,4452.26,617.748,172.352,-61.0357
1321,57.3694,7.59976,78.9528,-73.8161,-111.17,-100.121,202.317,-104.089,-261.499,733.36,1032.28,993.831,2766.51,766.603,4452.19,618.213,172.954,-60.328
1322,56.6817,11.6798,80.9899,-71.5747,-109.43,-102.016,203.265,-102.229,-262.561,732.98,1031.7,994.43,2766.35,767.169,4452.13,618.678,173.529,-59.6105
1323,55.7043,15.7003,82.9636,-69.2771,-107.657,-103.881,204.195,-100.359,-263.622,732.598,1031.13,995.029,2766.19,767.735,4452.06,619.143,174.076,-58.8835
1324,54.4424,19.6405,84.8722,-66.9251,-105.852,-105.715,205.108,-98.4815,-264.683,732.215,1030.55,995.627,2766.03,768.301,4452,619.608,174.595,-58.1472
1325,52.9024,23.4804,86.7141,-64.5206,-104.016,-107.518,206.004,-96.5955,-265.743,731.831,1029.97,996.225,2765.88,768.867,4451.93,620.073,175.086,-57.4015
1326,51.0922,27.2003,88.4881,-62.0655,-102.15,-109.289,206.883,-94.7014,-266.802,731.445,1029.39,996.822,2765.72,769.433,4451.87,620.538,175.55,-56.6468
1327,49.0211,30.7814,90.1926,-59.5617,-100.253,-111.028,207.744,-92.7992,-267.861,731.057,1028.81,997.419,2765.56,769.999,4451.8,621.003,175.986,-55.8831
1328,46.6997,34.2053,91.8263,-57.0112,-98.3259,-112.734,208.587,-90.8893,-268.92,730.668,1028.23,998.016,2765.4,770.565,4451.74,621.468,176.394,-55.1107
1329,44.1398,37.4545,93.388,-54.4159,-96.3702,-114.407,209.414,-88.9718,-269.978,730.277,1027.65,998.613,2765.24,771.131,4451.67,621.933,176.775,-54.3295
1330,41.3546,40.5126,94.8765,-51.778,-94.3859,-116.045,210.222,-87.0467,-271.035,729.885,1027.07,999.209,2765.09,771.696,4451.61,622.398,177.128,-53.5399
1331,38.3584,43.3639,96.2905,-49.0994,-92.3736,-117.65,211.013,-85.1143,-272.092,729.491,1026.48,999.805,2764.93,772.262,4451.54,622.863,177.453,-52.7419
1332,35.1664,45.9939,97.6289,-46.3823,-90.3341,-119.219,211.786,-83.1748,-273.148,729.096,1025.9,1000.4,2764.77,772.828,4451.48,623.328,177.75,-51.9357
1333,31.7949,48.3892,98.8908,-43.6288,-88.2677,-120.753,212.541,-81.2283,-274.203,728.699,1025.32,1001,2764.61,773.394,4451.41,623.793,178.02,-51.1213
1334,28.2613,50.5376,100.075,-40.8411,-86.1753,-122.252,213.279,-79.2749,-275.258,728.301,1024.74,1001.59,2764.45,773.96,4451.35,624.258,178.262,-50.299
1335,24.5835,52.4283,101.181,-38.0213,-84.0573,-123.714,213.998,-77.3149,-276.313,727.901,1024.16,1002.18,2764.29,774.525,4451.28,624.723,178.476,-49.4688
1336,20.7802,54.0515,102.207,-35.1718,-81.9145,-125.14,214.7,-75.3484,-277.367,727.499,1023.57,1002.78,2764.13,775.091,4451.22,625.188,178.662,-48.631
1337,16.8711,55.3991,103.153,-32.2946,-79.7474,-126.529,215.383,-73.3755,-278.42,727.096,1022.99,1003.37,2763.98,775.657,4451.15,625.653,178.82,-47.7855
1338,12.8759,56.4642,104.019,-29.3921,-77.5567,-127.88,216.049,-71.3965,-279.473,726.692,1022.41,1003.97,2763.82,776.222,4451.08,626.118,178.951,-46.9326
1339,8.815,57.2414,104.802,-26.4665,-75.343,-129.193,216.696,-69.4114,-280.525,726.286,1021.82,1004.56,2763.66,776.788,4451.02,626.583,179.053,-46.0723
1340,4.70921,57.7269,105.504,-23.5202,-73.107,-130.468,217.325,-67.4205,-281.576,725.878,1021.24,1005.15,2763.5,777.353,4450.95,627.047,179.128,-45.2048
1341,0.57941,57.9181,106.123,-20.5554,-70.8493,-131.704,217.935,-65.424,-282.627,725.469,1020.65,1005.74,2763.34,777.919,4450.89,627.512,179.174,-44.3302
1342,-3.55334,57.8141,106.658,-17.5745,-68.5707,-132.902,218.528,-63.4219,-283.678,725.059,1020.07,1006.34,2763.18,778.484,4450.82,627.977,179.192,-43.4486
1343,-7.66798,57.4156,107.11,-14.5798,-66.2717,-134.06,219.102,-61.4145,-284.727,724.647,1019.48,1006.93,2763.02,779.05,4450.76,628.442,179.182,-42.5601
1344,-11.7436,56.7245,107.478,-11.5737,-63.9532,-135.178,219.657,-59.402,-285.776,724.233,1018.9,1007.52,2762.86,779.615,4450.69,628.907,179.143,-41.6649
1345,-15.7593,55.7444,107.761,-8.55847,-61.6156,-136.256,220.194,-57.3844,-286.825,723.818,1018.31,1008.11,2762.7,780.18,4450.62,629.372,179.076,-40.7631
1346,-19.6948,54.4803,107.961,-5.53655,-59.2599,-137.294,220.713,-55.3621,-287.873,723.401,1017.72,1008.7,2762.54,780.746,4450.56,629.837,178.98,-39.8547
1347,-23.5299,52.9388,108.075,-2.51029,-56.8865,-138.291,221.213,-53.335,-288.92,722.983,1017.14,1009.29,2762.38,781.311,4450.49,630.302,178.855,-38.9399
1348,-27.2452,51.1276,108.105,0.517935,-54.4963,-139.247,221.694,-51.3035,-289.967,722.563,1016.55,1009.88,2762.22,781.876,4450.43,630.766,178.702,-38.0189
1349,-30.8218,49.056,108.049,3.54576,-52.09,-140.162,222.157,-49.2677,-291.013,722.142,1015.96,1010.47,2762.06,782.442,4450.36,631.231,178.519,-37.0916
1350,-34.2413,46.7346,107.91,6.5708,-49.6682,-141.036,222.601,-47.2277,-292.059,721.719,1015.37,1011.06,2761.9,783.007,4450.29,631.696,178.307,-36.1583
1351,-37.4865,44.1752,107.685,9.5907,-47.2317,-141.867,223.026,-45.1837,-293.103,721.295,1014.79,1011.65,2761.74,783.572,4450.23,632.161,178.066,-35.2191
1352,-40.5409,41.3908,107.376,12.6031,-44.7813,-142.657,223.433,-43.136,-294.148,720.869,1014.2,1012.24,2761.58,784.137,4450.16,632.626,177.796,-34.274
1353,-43.3888,38.3957,106.983,15.6056,-42.3175,-143.404,223.821,-41.0846,-295.191,720.442,1013.61,1012.83,2761.42,784.702,4450.1,633.09,177.495,-33.3232
1354,-46.0157,35.2051,106.506,18.5958,-39.8412,-144.109,224.19,-39.0298,-296.234,720.013,1013.02,1013.41,2761.25,785.267,4450.03,633.555,177.165,-32.3668
1355,-48.4084,31.8352,105.946,21.5715,-37.3531,-144.771,224.54,-36.9717,-297.277,719.583,1012.43,1014,2761.09,785.832,4449.96,634.02,176.805,-31.4049
1356,-50.5545,28.3032,105.302,24.5303,-34.8539,-145.39,224.871,-34.9104,-298.319,719.151,1011.84,1014.59,2760.93,786.397,4449.9,634.485,176.415,-30.4376
1357,-52.4433,24.6272,104.576,27.4699,-32.3444,-145.966,225.183,-32.8463,-299.36,718.718,1011.25,1015.18,2760.77,786.962,4449.83,634.95,175.994,-29.465
1358,-54.065,20.8257,103.768,30.3879,-29.8253,-146.499,225.477,-30.7793,-300.4,718.283,1010.66,1015.76,2760.61,787.527,4449.76,635.414,175.542,-28.4874
1359,-55.4114,16.9182,102.879,33.2821,-27.2973,-146.988,225.751,-28.7098,-301.44,717.847,1010.07,1016.35,2760.45,788.092,4449.7,635.879,175.06,-27.5047
1360,-56.4757,12.9245,101.909,36.1503,-24.7613,-147.434,226.007,-26.6379,-302.479,717.409,1009.48,1016.94,2760.29,788.657,4449.63,636.344,174.546,-26.5171
1361,-57.2524,8.86501,100.86,38.9901,-22.2179,-147.836,226.243,-24.5637,-303.518,716.97,1008.89,1017.52,2760.12,789.222,4449.56,636.809,174.001,-25.5247
1362,-57.7374,4.76038,99.7309,41.7994,-19.668,-148.194,226.461,-22.4875,-304.556,716.529,1008.29,1018.11,2759.96,789.787,4449.5,637.273,173.424,-24.5277
1363,-57.9284,0.631504,98.524,44.5759,-17.1122,-148.509,226.659,-20.4094,-305.593,716.087,1007.7,1018.69,2759.8,790.351,4449.43,637.738,172.815,-23.5261
1364,-57.8244,-3.50059,97.2399,47.3175,-14.5513,-148.779,226.838,-18.3295,-306.63,715.643,1007.11,1019.28,2759.64,790.916,4449.36,638.203,172.174,-22.5202
1365,-57.4258,-7.61484,95.8797,50.022,-11.9861,-149.005,226.999,-16.2482,-307.666,715.197,1006.52,1019.86,2759.48,791.481,4449.3,638.668,171.501,-21.51
1366,-56.7347,-11.6903,94.4443,52.6874,-9.41736,-149.187,227.14,-14.1654,-308.702,714.75,1005.92,1020.44,2759.31,792.046,4449.23,639.132,170.794,-20.4957
1367,-55.7545,-15.7062,92.935,55.3115,-6.84582,-149.325,227.262,-12.0815,-309.736,714.302,1005.33,1021.03,2759.15,792.61,4449.16,639.597,170.054,-19.4773
1368,-54.4902,-19.6421,91.3529,57.8923,-4.27226,-149.418,227.365,-9.9965,-310.771,713.852,1004.74,1021.61,2758.99,793.175,4449.1,640.062,169.281,-18.4552
1369,-52.9482,-23.4778,89.6993,60.4277,-1.69743,-149.467,227.449,-7.9107,-311.804,713.401,1004.14,1022.19,2758.83,793.739,4449.03,640.526,168.474,-17.4293
1370,-51.1364,-27.1939,87.9754,62.9158,0.87791,-149.472,227.514,-5.82424,-312.837,712.948,1003.55,1022.78,2758.66,794.304,4448.96,640.991,167.632,-16.3999
1371,-49.0639,-30.7714,86.1826,65.3547,3.45299,-149.432,227.56,-3.73728,-313.869,712.494,1002.95,1023.36,2758.5,794.868,4448.9,641.456,166.756,-15.367
1372,-46.7413,-34.1921,84.3224,67.7424,6.02704,-149.348,227.586,-1.65001,-314.901,712.038,1002.36,1023.94,2758.34,795.433,4448.83,641.92,165.844,-14.331
1373,-44.1804,-37.4383,82.3961,70.0771,8.5993,-149.22,227.594,0.437399,-315.931,711.581,1001.76,1024.52,2758.17,795.997,4448.76,642.385,164.897,-13.2918
1374,-41.3941,-40.4937,80.4054,72.3569,11.169,-149.047,227.582,2.52477,-316.962,711.122,1001.17,1025.1,2758.01,796.562,4448.69,642.85,163.913,-12.2498
1375,-38.3968,-43.3426,78.3517,74.5801,13.7354,-148.831,227.551,4.61194,-317.991,710.661,1000.57,1025.68,2757.85,797.126,4448.63,643.314,162.893,-11.205
1376,-35.2036,-45.9703,76.2367,76.7449,16.2977,-148.57,227.501,6.69872,-319.02,710.2,999.972,1026.26,2757.68,797.691,4448.56,643.779,161.836,-10.1576
1377,-31.8309,-48.3636,74.062,78.8496,18.8552,-148.265,227.432,8.78493,-320.048,709.736,999.375,1026.84,2757.52,798.255,4448.49,644.244,160.742,-9.10792
1378,-28.2957,-50.5101,71.8294,80.8927,21.4071,-147.916,227.344,10.8704,-321.076,709.271,998.778,1027.42,2757.36,798.819,4448.42,644.708,159.609,-8.05605
1379,-24.6161,-52.3988,69.5405,82.8724,23.9526,-147.523,227.237,12.955,-322.102,708.805,998.18,1028,2757.19,799.383,4448.36,645.173,158.438,-7.00223
1380,-20.8109,-54.0201,67.1973,84.7873,26.4911,-147.086,227.11,15.0385,-323.129,708.337,997.582,1028.58,2757.03,799.948,4448.29,645.638,157.227,-5.94667
1381,-16.8995,-55.3656,64.8015,86.6359,29.0216,-146.606,226.965,17.1207,-324.154,707.868,996.984,1029.16,2756.86,800.512,4448.22,646.102,155.976,-4.88959
1382,-12.9017,-56.4285,62.3549,88.4167,31.5436,-146.082,226.8,19.2015,-325.179,707.397,996.385,1029.74,2756.7,801.076,4448.15,646.567,154.684,-3.83124
1383,-8.83815,-57.2033,59.8596,90.1284,34.0562,-145.515,226.617,21.2806,-326.203,706.925,995.786,1030.32,2756.54,801.64,4448.09,647.031,153.351,-2.77187
1384,-4.72943,-57.6859,57.3175,91.7696,36.5586,-144.904,226.414,23.358,-327.226,706.451,995.187,1030.9,2756.37,802.204,4448.02,647.496,151.976,-1.71173
1385,-0.596556,-57.8739,54.7306,93.3389,39.0503,-144.251,226.193,25.4334,-328.249,705.976,994.587,1031.47,2756.21,802.768,4447.95,647.961,150.559,-0.65111
1386,3.53937,-57.7663,52.1008,94.8353,41.5303,-143.554,225.952,27.5067,-329.271,705.5,993.987,1032.05,2756.04,803.332,4447.88,648.425,149.097,0.409698
1387,7.65721,-57.3636,49.4303,96.2576,43.998,-142.816,225.692,29.5777,-330.293,705.021,993.387,1032.63,2755.88,803.896,4447.81,648.89,147.591,1.47038
1388,11.7359,-56.6679,46.7212,97.6045,46.4527,-142.034,225.414,31.6462,-331.313,704.542,992.786,1033.2,2755.71,804.46,4447.75,649.354,146.039,2.53061
1389,15.7547,-55.6825,43.9755,98.8752,48.8935,-141.211,225.116,33.712,-332.333,704.061,992.185,1033.78,2755.55,805.024,4447.68,649.819,144.441,3.59004
1390,19.6929,-54.4126,41.1955,100.069,51.3199,-140.346,224.8,35.775,-333.352,703.578,991.584,1034.35,2755.38,805.588,4447.61,650.283,142.795,4.64829
1391,23.5305,-52.8646,38.3832,101.184,53.731,-139.439,224.464,37.835,-334.371,703.094,990.982,1034.93,2755.22,806.152,4447.54,650.748,141.101,5.70495
1392,27.2478,-51.0464,35.541,102.22,56.1261,-138.49,224.11,39.8918,-335.389,702.608,990.38,1035.5,2755.05,806.715,4447.47,651.212,139.358,6.75961
1393,30.8259,-48.9673,32.671,103.176,58.5046,-137.501,223.737,41.9453,-336.406,702.121,989.778,1036.08,2754.89,807.279,4447.41,651.677,137.563,7.8118
1394,34.2463,-46.6379,29.7754,104.051,60.8657,-136.47,223.345,43.9952,-337.423,701.633,989.175,1036.65,2754.72,807.843,4447.34,652.141,135.717,8.86103
1395,37.4917,-44.07,26.8566,104.846,63.2088,-135.399,222.935,46.0415,-338.438,701.143,988.572,1037.23,2754.56,808.407,4447.27,652.606,133.816,9.90677
1396,40.5454,-41.2769,23.9167,105.558,65.533,-134.288,222.506,48.0839,-339.453,700.651,987.968,1037.8,2754.39,808.97,4447.2,653.07,131.861,10.9484
1397,43.3919,-38.2727,20.9582,106.188,67.8378,-133.137,222.058,50.1222,-340.468,700.159,987.365,1038.37,2754.22,809.534,4447.13,653.535,129.85,11.9854
1398,46.0164,-35.0728,17.9833,106.735,70.1225,-131.947,221.591,52.1564,-341.481,699.664,986.761,1038.95,2754.06,810.098,4447.06,653.999,127.781,13.0171
1399,48.4057,-31.6936,14.9944,107.198,72.3864,-130.717,221.106,54.1862,-342.494,699.168,986.156,1039.52,2753.89,810.661,4447,654.464,125.651,14.0426
1400,50.5475,-28.1524,11.9938,107.578,74.6287,-129.449,220.602,56.2114,-343.506,698.671,985.552,1040.09,2753.72,811.225,4446.93,654.928,123.461,15.0612
1401,52.4309,-24.4672,8.98373,107.874,76.8489,-128.142,220.08,58.2319,-344.518,698.172,984.947,1040.66,2753.56,811.788,4446.86,655.393,121.206,16.0721
1402,54.0462,-20.6569,5.9667,108.085,79.0463,-126.797,219.539,60.2475,-345.529,697.672,984.341,1041.23,2753.39,812.352,4446.79,655.857,118.886,17.0743
1403,55.3851,-16.741,2.945,108.212,81.2201,-125.414,218.98,62.258,-346.539,697.17,983.736,1041.81,2753.23,812.915,4446.72,656.322,116.498,18.0667
1404,56.441,-12.7395,-0.0789968,108.255,83.3699,-123.994,218.402,64.2633,-347.548,696.667,983.13,1042.38,2753.06,813.479,4446.65,656.786,114.04,19.0482
1405,57.2082,-8.67291,-3.10293,108.213,85.4949,-122.537,217.806,66.2633,-348.556,696.162,982.523,1042.95,2752.89,814.042,4446.58,657.251,111.508,20.0174
1406,57.683,-4.56196,-6.12445,108.086,87.5945,-121.044,217.192,68.2576,-349.564,695.656,981.917,1043.52,2752.72,814.605,4446.52,657.715,108.9,20.973
1407,57.863,-0.427689,-9.14118,107.875,89.6681,-119.515,216.56,70.2463,-350.571,695.149,981.309,1044.09,2752.56,815.169,4446.45,658.18,106.214,21.9133
1408,57.7472,3.70877,-12.1508,107.58,91.7151,-117.951,215.909,72.229,-351.578,694.64,980.702,1044.66,2752.39,815.732,4446.38,658.644,103.444,22.8367
1409,57.3363,7.82628,-15.1509,107.201,93.7348,-116.351,215.24,74.2057,-352.583,694.129,980.094,1045.22,2752.22,816.295,4446.31,659.108,100.589,23.7409
1410,56.6324,11.9038,-18.1392,106.739,95.7267,-114.717,214.553,76.1762,-353.588,693.617,979.486,1045.79,2752.06,816.858,4446.24,659.573,97.6429,24.6238
1411,55.639,15.9205,-21.1133,106.192,97.6901,-113.049,213.848,78.1402,-354.592,693.104,978.878,1046.36,2751.89,817.421,4446.17,660.037,94.6023,25.4828
1412,54.3615,19.8558,-24.071,105.564,99.6245,-111.347,213.126,80.0977,-355.596,692.589,978.269,1046.93,2751.72,817.985,4446.1,660.502,91.462,26.315
1413,52.8061,23.6897,-27.0098,104.852,101.529,-109.612,212.385,82.0485,-356.598,692.073,977.66,1047.5,2751.55,818.548,4446.03,660.966,88.2165,27.1168
1414,50.9811,27.4026,-29.9276,104.059,103.404,-107.844,211.626,83.9924,-357.6,691.555,977.051,1048.06,2751.38,819.111,4445.96,661.43,84.8598,27.8844
1415,48.8956,30.9756,-32.822,103.185,105.248,-106.045,210.85,85.9292,-358.601,691.036,976.441,1048.63,2751.22,819.674,4445.89,661.895,81.385,28.6132
1416,46.5605,34.3904,-35.6909,102.23,107.061,-104.214,210.056,87.8588,-359.602,690.515,975.831,1049.2,2751.05,820.237,4445.83,662.359,77.7846,29.2977
1417,43.9876,37.6295,-38.5318,101.195,108.842,-102.352,209.244,89.7811,-360.601,689.993,975.221,1049.76,2750.88,820.8,4445.76,662.823,74.0499,29.9316
1418,41.1902,40.6766,-41.3427,100.082,110.59,-100.46,208.415,91.6958,-361.6,689.469,974.611,1050.33,2750.71,821.363,4445.69,663.288,70.1711,30.5072
1419,38.1824,43.516,-44.1214,98.8899,112.306,-98.5374,207.569,93.6029,-362.598,688.944,974,1050.89,2750.54,821.925,4445.62,663.752,66.1369,31.0151
1420,34.9798,46.1333,-46.8656,97.621,113.988,-96.5859,206.704,95.502,-363.596,688.418,973.388,1051.46,2750.37,822.488,4445.55,664.216,61.9345,31.444
1421,31.5987,48.5152,-49.5733,96.276,115.637,-94.6057,205.823,97.3932,-364.592,687.89,972.777,1052.02,2750.21,823.051,4445.48,664.681,57.5487,31.7796
1422,28.0564,50.6496,-52.2423,94.8559,117.251,-92.5975,204.924,99.2762,-365.588,687.361,972.165,1052.59,2750.04,823.614,4445.41,665.145,52.962,32.0039
1423,24.3709,52.5255,-54.8705,93.3618,118.83,-90.5617,204.008,101.151,-366.583,686.83,971.552,1053.15,2749.87,824.177,4445.34,665.609,48.1536,32.0939
1424,20.5611,54.1336,-57.4559,91.7948,120.374,-88.499,203.075,103.017,-367.577,686.298,970.94,1053.72,2749.7,824.739,4445.27,666.074,43.0985,32.0189
1425,16.6465,55.4655,-59.9966,90.1563,121.882,-86.41,202.125,104.875,-368.571,685.764,970.327,1054.28,2749.53,825.302,4445.2,666.538,37.7671,31.7376
1426,12.647,56.5146,-62.4904,88.4475,123.354,-84.2954,201.158,106.723,-369.564,685.229,969.714,1054.84,2749.36,825.865,4445.13,667.002,32.1234,31.1923
1427,8.58293,57.2756,-64.9355,86.6696,124.79,-82.1557,200.174,108.563,-370.556,684.692,969.1,1055.41,2749.19,826.427,4445.06,667.467,26.1246,30.2994
1428,4.47515,57.7446,-67.3299,84.8242,126.188,-79.9916,199.174,110.394,-371.547,684.154,968.486,1055.97,2749.02,826.99,4444.99,667.931,19.7215,28.9315
1429,0.344565,57.9193,-69.6718,82.9126,127.549,-77.8037,198.156,112.215,-372.537,683.615,967.872,1056.53,2748.85,827.552,4444.92,668.395,12.8649,26.8846
1430,-3.78778,57.7988,-71.9594,80.9363,128.872,-75.5928,197.122,114.027,-373.527,683.074,967.257,1057.09,2748.68,828.115,4444.85,668.859,5.53683,23.8095
1431,-7.90083,57.3837,-74.1909,78.8969,130.157,-73.3593,196.072,115.83,-374.516,682.532,966.642,1057.65,2748.51,828.677,4444.78,669.324,-2.12359,19.0806
1432,-11.9736,56.6762,-76.3645,76.796,131.403,-71.1041,195.005,117.622,-375.504,681.988,966.027,1058.21,2748.34,829.24,4444.71,669.788,-9.33396,11.682
1433,-15.9854,55.68,-78.4785,74.6352,132.61,-68.8278,193.921,119.405,-376.491,681.443,965.411,1058.77,2748.17,829.802,4444.64,670.252,-13.7245,1.18696
1434,-19.9158,54.4002,-80.5314,72.4162,133.777,-66.531,192.821,121.178,-377.477,680.896,964.796,1059.33,2748,830.365,4444.57,670.716,-13.4094,-9.83107
1435,-23.7447,52.8433,-82.5214,70.1407,134.905,-64.2144,191.706,122.941,-378.463,680.348,964.179,1059.89,2747.83,830.927,4444.5,671.18,-10.1228,-18.9719
1436,-27.4527,51.0172,-84.4471,67.8106,135.993,-61.8788,190.574,124.693,-379.448,679.799,963.563,1060.45,2747.66,831.489,4444.43,671.645,-5.73031,-26.239
1437,-31.0208,48.9313,-86.307,65.4275,137.04,-59.5248,189.426,126.435,-380.432,679.248,962.946,1061.01,2747.49,832.052,4444.36,672.109,-1.00907,-32.1495
1438,-34.431,46.5962,-88.0995,62.9935,138.047,-57.1531,188.262,128.166,-381.415,678.696,962.329,1061.57,2747.32,832.614,4444.29,672.573,3.75496,-37.0914
1439,-37.6659,44.0239,-89.8233,60.5103,139.012,-54.7644,187.082,129.887,-382.398,678.142,961.711,1062.13,2747.15,833.176,4444.22,673.037,8.45213,-41.3172
1440,-40.709,41.2274,-91.4771,57.9799,139.937,-52.3595,185.887,131.596,-383.379,677.587,961.094,1062.69,2746.98,833.738,4444.15,673.501,13.0397,-44.993
1441,-43.5448,38.221,-93.0596,55.4043,140.82,-49.939,184.676,133.295,-384.36,677.03,960.475,1063.24,2746.81,834.3,4444.08,673.966,17.5026,-48.2325
1442,-46.1589,35.02,-94.5695,52.7855,141.661,-47.5037,183.45,134.983,-385.34,676.472,959.857,1063.8,2746.64,834.862,4444.01,674.43,21.8375,-51.1166
1443,-48.538,31.6407,-96.0056,50.1256,142.46,-45.0543,182.208,136.659,-386.32,675.913,959.238,1064.36,2746.46,835.424,4443.94,674.894,26.0465,-53.7046
1444,-50.67,28.1003,-97.3669,47.4265,143.216,-42.5914,180.951,138.323,-387.298,675.352,958.619,1064.91,2746.29,835.986,4443.87,675.358,30.1344,-56.0415
1445,-52.544,24.4168,-98.6522,44.6905,143.93,-40.116,179.679,139.976,-388.276,674.79,957.999,1065.47,2746.12,836.548,4443.79,675.822,34.1063,-58.1624
1446,-54.1505,20.609,-99.8607,41.9196,144.601,-37.6286,178.392,141.618,-389.253,674.226,957.38,1066.03,2745.95,837.11,4443.72,676.286,37.968,-60.0948
1447,-55.4813,16.6963,-100.991,39.1161,145.23,-35.13,177.09,143.247,-390.229,673.661,956.76,1066.58,2745.78,837.672,4443.65,676.751,41.7249,-61.8612
1448,-56.5296,12.6986,-102.043,36.282,145.815,-32.621,175.773,144.865,-391.204,673.094,956.139,1067.14,2745.61,838.234,4443.58,677.215,45.3823,-63.4797
1449,-57.2901,8.63625,-103.015,33.4197,146.357,-30.1024,174.441,146.47,-392.178,672.527,955.518,1067.69,2745.43,838.796,4443.51,677.679,48.9451,-64.9657
1450,-57.7588,4.52991,-103.907,30.5312,146.855,-27.5747,173.094,148.063,-393.152,671.957,954.897,1068.25,2745.26,839.358,4443.44,678.143,52.4177,-66.332
1451,-57.9335,0.400503,-104.718,27.619,147.31,-25.0389,171.733,149.644,-394.124,671.387,954.276,1068.8,2745.09,839.92,4443.37,678.607,55.8043,-67.5894
1452,-57.8131,-3.73094,-105.447,24.6852,147.721,-22.4957,170.358,151.212,-395.096,670.814,953.654,1069.35,2744.92,840.481,4443.3,679.071,59.1089,-68.7472
1453,-57.3982,-7.84338,-106.094,21.7322,148.089,-19.9458,168.969,152.767,-396.067,670.241,953.032,1069.91,2744.75,841.043,4443.23,679.535,62.3348,-69.8135
1454,-56.691,-11.9159,-106.658,18.7623,148.412,-17.3899,167.565,154.31,-397.038,669.666,952.41,1070.46,2744.57,841.605,4443.16,679.999,65.4854,-70.7954
1455,-55.695,-15.9276,-107.139,15.7777,148.691,-14.8289,166.147,155.84,-398.007,669.089,951.787,1071.01,2744.4,842.166,4443.08,680.463,68.5636,-71.699
1456,-54.4152,-19.8583,-107.536,12.7807,148.926,-12.2635,164.715,157.356,-398.976,668.512,951.164,1071.56,2744.23,842.728,4443.01,680.927,71.5722,-72.5299
1457,-52.8582,-23.6877,-107.85,9.77387,149.117,-9.6944,163.27,158.86,-399.943,667.933,950.541,1072.12,2744.06,843.29,4442.94,681.392,74.5138,-73.2927
1458,-51.0319,-27.3965,-108.079,6.75938,149.264,-7.12246,161.81,160.35,-400.91,667.352,949.917,1072.67,2743.88,843.851,4442.87,681.856,77.3907,-73.992
1459,-48.9454,-30.9656,-108.224,3.73961,149.366,-4.5484,160.338,161.826,-401.876,666.77,949.293,1073.22,2743.71,844.413,4442.8,682.32,80.2051,-74.6315
